user_id,cb_recommendations
1,[1082185  940947  995242  979707 1082212]
2,[1106523 1133018 5569230 1075368 1053690]
3,[1053690 1106523 1082185 5569230  951590]
6,[1082185 1119051 1029743  995242  845208]
7,[1082185 1122358 1003188 1126899 1106523]
8,[1029743 5569230 1082185  883404  923746]
9,[1082185 1070820 1029743 1106523  962568]
10,[ 868764 1106523 1055646  999971  883003]
13,[1082185 1029743 1038985 1132771  995242]
14,[ 844165 1025611  981760 1029743  999971]
15,[1082185 1106523  995785 1029743 1026118]
16,[1055646  995785  994928 6034857  840361]
18,[1082185  981760  840361  916122  995242]
19,[ 844165 1082185 1029743 1044078  883404]
20,[1058997 1075368 1126899  865330  883404]
21,[1029743  995242 1055646 1106523 6034857]
22,[1082185  944836 1070820  840361  979707]
23,[1075368  995785 1082185  849202 1029743]
24,[ 844165 1092026 1036501  903230 1106523]
25,[1029743  995242 5568378 1135768 1065593]
26,[1123792 1029743  849843  995242 1133018]
27,[ 918733 1082185  959409 1133072 1002558]
28,[ 916122  940947 1075368  913785  903325]
29,[1029743  827180  883404  893018  995242]
30,[ 981760 1002558 1043301 6534480  909714]
31,[1082185 1058997 1126899  859075  981760]
32,[1058997 1082185  862349  981760  824005]
33,[1106523 1133018 1029743  844165 1033615]
34,[1123792  986912  883404 1029743 1070702]
35,[5569230  908531 1082185  986912 1058997]
36,[1029743 1082185  995242  883404  826249]
37,[ 844165 1092026 1097001  868764 1053690]
39,[1082185  923746  840361 1126899  845208]
40,[1082185  903325 1056651  840361  995242]
41,[ 1082185   909714   865705   913210 12810393]
42,[1082185 6602697  981760  923746  916122]
43,[1106523 1029743  844165 1133018  995242]
46,[1082185 1029743  995242  923746  999104]
47,[ 995242  951590  981760 5569230 1081189]
49,[1070820 1082185 5569471 1126899  923746]
50,[ 908531 1082185  995242  883404 1106523]
51,[1110572 1065593  962229 1082185 1029743]
52,[1082185 1106523 1133018  995785 1029743]
53,[5569471 1058997 1087102 1082185 6034857]
55,[ 844165  849843  986912 1082185  883404]
56,[1056651 1058997 5569230  940947  981760]
57,[ 995785  986912 1106523  860776 1037863]
58,[1082185 1070820  862349  979707  916122]
59,[ 849843  995785 1082185  923746 1057260]
62,[1055646  994928 6034857  995785  840361]
63,[ 834117  925862 1068719 1055646  994928]
64,[1065593 1106523 1013928  987562 1074333]
65,[1070820 1085604  986912 1029743 1075368]
67,[1082185 1029743  995242  951590 1133018]
68,[ 995242  879755 1065593 1082185 1029743]
69,[1106523  951590 1133018 1037863 1033615]
70,[1039156  995242 1055646  994928  981760]
71,[1056509  995242  908531  914190  951590]
72,[1070820 1082185 8090521  872137 5585510]
75,[1055646  994928 6034857  995785  840361]
77,[1082185 1126899 1106523 1058997 1003188]
78,[1082185  849843  923746  840361 9420312]
79,[1082185 5569230 1070820  908531 1070015]
80,[1082185  995242 1029743  849843 1003188]
81,[ 844165 1082185  999971 1096036 1133018]
82,[ 860776  863447 5569230 1055504 1000753]
83,[ 845208  923746 1082185  899624  896369]
84,[1082185 1043590  995242 5569471  962229]
85,[ 995242 1113588 1075368  908531  923746]
86,[1082185  951590 1029743  961554 1133018]
87,[ 845208 1055646 1037863  994928 6034857]
88,[1082185 1096036 8090521 1075368  826249]
90,[1082185  986912 1070820  866211 1055646]
91,[1082185 1029743 1056651  859075  987724]
92,[ 995785  860776  962568 1082185 1058997]
94,[ 979707 1043301 1096317 1055646  976199]
95,[ 995242 1029743 1082185  849843  908531]
97,[ 995242 1075368  995785 1055646  981760]
98,[1082185  862349 1134522  928049  916122]
99,[1082185  995242  970119 1062966  883404]
100,[1029743  916122 1053690  908531  883404]
101,[1133018 1106523 5569230 5569471  914190]
103,[1106523 1092026  899624 1029743 5568378]
104,[1029743 1082185  995785  995242  979707]
105,[ 883404  995242  909894 1085604 1004906]
106,[5569230 8090509 6034857  981760  849843]
107,[1106523 5569230 1029743 1133018 1075368]
109,[1082185 1058997  989101  840361  961554]
110,[1133018 1106523  827683  849843  994928]
111,[1082185 1106523 1133018 1053690  903325]
112,[1039156 5569471 1137775 1070820 1011300]
113,[1082185 1070820  840361  995785  961554]
114,[1029743 1082185 5568489  883404  995242]
115,[1126899  862349 1058997 1055646 1106523]
116,[1133018  995242  914190  849843 5569230]
117,[1082185 1056651  862349  995242  951590]
118,[1082185  849843 1058997  893018 1068719]
119,[ 995242 1029743  908531  940947 1081189]
121,[1029743 8090537  849843  923746  951590]
122,[5569230  940947  995242 1065593  914190]
123,[1029743 1056509  849843  890610  923746]
124,[ 914190  883404 1106523 1037840  951590]
125,[1029743  995242  844165  849843 1082185]
126,[ 995242  844165 1004906  981760 1096036]
127,[ 995242 1133018 1055646  908531 1082185]
128,[1082185 1098248  840361 1051516 1029743]
131,[1082185  995242 1029743  923746 1057260]
132,[1082185  860776  854852 1126899  961554]
133,[1082185 1029743  995242  976199  981760]
134,[ 951590 1029743  923746 1101010  995242]
135,[862349 828867 908531 919534 840361]
136,[8090537 8090521 1106523  883404 1133018]
138,[ 995785 1082185  923746 5569230 5569471]
139,[1082185 1058997 1110572 1107553  879755]
140,[1037840 1106523  844165 1085604  879755]
141,[1082185  854852 1043301  824005 1116821]
142,[1074524 1082212  944466 5569327  944317]
143,[ 995242  909894 1133018 8065410  994928]
146,[1082185 1029743  995242  883404  849843]
151,[1082185 1029743  995242 5569230  872137]
153,[ 995242  897954 1123792  844165 1026118]
156,[ 995242 1082185  883404 1085604 5569230]
157,[1082185  962229  923746 1070820 1058997]
158,[ 862349 1104343  995242 1070820  909894]
159,[ 849843  994928  923746 1096036 1082185]
160,[1070820  951590  862349 1101010  995242]
161,[ 868764 1123792 9677202  995242 5568378]
162,[1070820 1122358 1055646  862349  945662]
164,[1029743  849843  883404 1106523 1092026]
166,[1075368 1029743 1106523 1053690 1101010]
167,[ 995242 5569230  961979  908318 1100972]
168,[1082185 1029743 1106523  961554 1119051]
169,[1037894 1107553 1016800  944486  863802]
171,[1029743  995785  883404  908531 1044078]
172,[5569230  849843 1053690 1075368  823704]
174,[1082185 1106523  845208  883404  923746]
178,[1085604 1106523  873627  989101 1040807]
183,[1106523 1082185  878996 1028816  883404]
184,[ 896085  945662  824005  895540 1082185]
185,[1029743  883404  844165  923746  868764]
187,[1106523 1082185 1133018  883404  951590]
188,[1106523  849843  923746 8090537  995242]
190,[1029743  859075  995242  951590  908531]
191,[ 914190 1039156  862349  865456 1055646]
192,[1029743 5569230  995242 1082212 9245106]
193,[1106523 1029743 8090537 8090521 1133018]
194,[1082185 1119051  995785 1106523  860776]
195,[1082185 1029743  995242  981760 1070702]
196,[ 883404 1082185 1053690  995785 5569230]
197,[1126899 1082185  856252  951590 1075214]
198,[1029743 1082185  995242  981760  844179]
199,[ 995242  986912 1081189 1110572 1082212]
200,[1037894 1085604  883404 1110572  863802]
201,[1055646  995785 5569327 1082185  860776]
202,[1029743  962229 1106523  849843 5569230]
203,[1082185 1029743 1055646  995242 5569471]
204,[1070820  849843  923746  901062 1056651]
205,[1106523 1028816 1082185 1026118  845208]
208,[ 951590  862349  865456  919534 1037863]
209,[1029743  923746  849843  899624  995242]
210,[ 849843  879755 1135768  910473  999779]
211,[ 962229 1082185  945662  862732  998444]
212,[1082185  995242 1029743 1056509 1055646]
213,[1082185 5568378 1106523  883404  899624]
214,[1082185  944836  901062  999104 1055425]
215,[ 895540  916993  994928 6602697  962568]
216,[ 895540 1040807  986912  885863  835098]
217,[1082185  951590  995242  981760 1101010]
218,[ 860776 1082185  962568 1029743 1115175]
219,[1082185  862349  995242  961554  951590]
220,[1029743  995242 1082185 1055646 1005274]
221,[1133018  849843  883404 1106523 1082185]
222,[1082185 1058997 1061220  849843  866211]
224,[1082185 1029743  995242  883404  908531]
225,[1029743  914190  911812  995242 1133018]
226,[ 995242 1029743 1082185  883404  840361]
227,[ 845193  908531  890695 1082185 1058997]
228,[1058997 1082185  981760 5569471  908531]
230,[ 913210 1029743 1082185 8090537  844179]
232,[ 995242 1058997  913210 1133018  976199]
233,[ 995242 1029743 1055646 1122568  994928]
235,[1070820  862732 1082185  862349  983584]
236,[1126899  849202 1075368  987562  908531]
239,[1133018 1123792  845208 1106523  999971]
240,[1106523 1055646  926905  994928 6034857]
241,[  860776   995785  1026118 10285144  5569845]
242,[1082185 1029743 1055646  883404  859075]
243,[1082185 1126899 6034857  903325  909714]
244,[1082185  995242  849843  834117 1070015]
245,[ 995242 1106523 1133018  908531 1029743]
246,[1070820  862349  849843 1029743  840361]
247,[1082185 8090537  986912  901062 1133018]
248,[1058997 1126899 1082185  849843 1029743]
249,[1029743  995242  883404 1053690 1106523]
250,[ 951590  885697 1029743 1110244  995242]
251,[1029743  916122 1092026 1070820  883404]
252,[1055646  994928  844165 6034857  995785]
253,[ 951590 1133018 1106523  845193  844165]
254,[1082185 1085604 1122568 1106523  845208]
256,[5568378 1034686  944836  965766 1082212]
257,[1070015  999971 1106523  994928 1033615]
258,[ 995242 1082185 1123792  909894 1029743]
259,[ 940947 1081189  860776 1039156  970030]
260,[ 860776 1026118 6034857  862349 1070820]
262,[ 987562 1082185 1040807 1136257  981760]
263,[ 995242  951590 1082185 1029743 1055646]
264,[1082185  934427 7025106  962568 1119051]
265,[ 995785 1058997  908531  833025  923746]
266,[1082185 1126899  981760  944836  880427]
267,[1106523  844165 1055646  994928 6034857]
268,[ 995242 1082185 5569230 1029743  908531]
269,[1106523  962229  845208 1133018 1082185]
270,[5569230 1053690 1106523 8090509  986912]
271,[ 986912  940947  908531  981760 1040807]
273,[1106523  883404 1029743  995242 6534480]
274,[995785 993638 883404 873627 859075]
275,[1133018 1106523 1082185  849843  868764]
276,[ 951590  995242 1029743 5569471 1075368]
278,[ 995242  897125  844165 1092026  995785]
280,[1106523  962229 1082185  995242 1029743]
281,[1070820  995785 1082185  862349  908531]
282,[ 995785 1056651  995242 1055646 1082185]
283,[1082185 1070820  981760  862349  840361]
284,[1029743 1075368 1085604 1055646 1098066]
285,[ 849843 1082185 1055646  944534  923746]
286,[1082185 1055646  845208  901062 1119051]
287,[1029743  883404 1082185  985119 1033615]
288,[1082185  995785 1070820 1026118 1055646]
289,[1082185  981760 1022254  860776  903325]
290,[ 873964  995242 1029743 9420312  962229]
291,[ 879755 1106523 1043590 1058779 1085604]
292,[1106523 1133018  844165 9420312  995242]
294,[1082185  995242 1133018  860776 1029743]
297,[1029743  844165  859075 5568378 1044078]
300,[1106523  844165  995785  962229 1098066]
301,[1082185  844165 1074333  995242  986912]
302,[1102959  892531 1070820  914190  859075]
303,[1082185  995242  951590 1101010 5569230]
304,[1029743 1082185  868764  844165 1122358]
305,[1029743  844165  868764  965766  914190]
306,[1082185  995785 1101010 1029743 1055646]
307,[1039156  994928  849843  961979  845208]
308,[5569230 1058997 1110572  824005  995785]
311,[1106523 1029743 1082185  883404  860776]
312,[1082185  961554  962568  878996  866211]
314,[1082185 1106523  981760  995965  951590]
316,[ 995242  849843  995785 1044078 1002558]
317,[1029743 1082185  951590 1138443  983584]
318,[ 962229 1106523 5569230 1133018 1134522]
321,[1082185 1056509  986912  993638 1104343]
322,[1055646 1082185  923746 1070820  862349]
323,[1126899  937292 1055646 1074524  994928]
324,[1082185 1057260  903325  961554  979707]
325,[1082185  995242 5569230  976199 8177622]
326,[1013928 8090521 8090537 1037840  908531]
327,[1082185 1065593  883404  908531 1133018]
328,[1070820  885290 1082185  821083  979707]
329,[1082185  944836  901062 1029743  854852]
330,[ 995242  883404  986912 1082185 1023958]
331,[1029743 1106523 1082185 1075368 5569230]
332,[1082185 1029743 1058997  995242 1070820]
333,[1082185  883404 1106523  981760  840361]
334,[1082185  986912  860776 1056509  860975]
338,[1106523 1028816 1026118 1051516 1137688]
339,[1082185 1133018 1055646 8205218 1106523]
342,[1029743 1082185  859075  883404  923746]
343,[ 872137  995242 1057260 5569230  903325]
345,[1082185 1029743  995242  923746 6602697]
346,[1082185  883404 1037863 1101010  981760]
347,[1029743 5569471  951590  914190 1100972]
348,[1096036 1082185 1043590 1029743  999971]
349,[1082185 1029743 5569471 1133018 1106523]
350,[ 883003 1085604  860776 1087102  986912]
351,[1106523 1133018 1082185  951590  923746]
353,[1082185  903325  866211 5569374  854852]
354,[1082185  951590  849202 1097001 1133018]
356,[ 995242  947798 1029743 1113588 1092026]
357,[1126899  849843 1122358 1058997 1082185]
358,[5569230 5568489 1106523  937626  914190]
360,[1082185 1107553 1138189 1085604  995242]
361,[1082185  981760 1101010  826249 1055646]
362,[ 923746  986912 1082185 1022254  993638]
364,[1106523 1029743  883404 1041796 8090537]
365,[1082185  986912 1132771 1062128 1107553]
366,[1133018  883404  844179 1081177 1044078]
367,[1070820 1082185  862349  860776 5569471]
369,[1082185 1106523  849843  840361 1044078]
371,[1082185  903325  962568  961554 1003188]
373,[ 986912 1050851  989101 1055646 1133018]
374,[1029743 1082185  923746 1026118  981760]
375,[ 914190 1041796  849843 1029743  965766]
376,[ 849843 1107289  959409 1033615  840361]
377,[1082185 1029743 1126899  995785  860776]
378,[962568 979707 981760 954642 883404]
380,[1106523  951590 1133018  859075 1065593]
381,[1075368  883404  859075 1029743  995242]
382,[1082185 1029743  908531 5569471 1055646]
383,[1126899 1082185  987562 1058997 1119051]
384,[1075368  995785 1082185 1126899 1029743]
385,[ 995785 1082185  962568 6034857 1058997]
386,[ 883404  995242 1029743  849843  844165]
387,[1082185 1058997 1126899 1137775  981760]
388,[ 1029743 10285144   995242  1058779   849843]
389,[ 1082185  1058997  1126899 10344585  8090536]
390,[ 951590 5569230 1082185 1029743  995242]
392,[ 1082185   940947 12263788  1133018  1106523]
393,[1053690 1065593 1001148  908531 1092026]
394,[1082185 1029743  901062  995785  860776]
395,[1070820 1053690 5569230  962229 1029743]
396,[1126899 1058997  901062  866211  909714]
397,[1126899 1029743 1058997 1087102  933835]
398,[1022097 1029743 1092026  995242 1082185]
400,[1029743 1082185 1055646  995785  883404]
401,[1033615  827683 1082185  849843  895540]
402,[ 819978 1101173  883003 1029743 1040807]
404,[1003600  840361 1110142 1082185  870515]
405,[1101010 1087102  962229  948670 1039156]
406,[1070015 1082185 1029743 1055646 1133018]
407,[ 914190 1037840 1029743  983584 8090521]
409,[1070820 1082185  862349  979707  987562]
410,[ 923746  995242 1029743 1082185  849843]
411,[1106523 1082185  923746  951590 1133018]
412,[1133018  986912 1082185 1005274  860975]
413,[1106523 1082185  986912  923746 1038985]
414,[ 849843 1029743  995242  883404 1061220]
415,[1055646  994928 6034857  995785  970119]
417,[1082185 1029743  995242  883404  923746]
418,[ 1082185  1003188   995242   981760 12263788]
420,[1029743 1133018 1106523 1048462 1043590]
421,[1126899  914190 1058997  833025  923746]
425,[1070820  849843  883404 1029743  840361]
426,[1082185  862349 1057260 6034857  854852]
427,[1082185 1029743  995242 5569471  860776]
429,[1029743  995242 1082185 1133018  833025]
430,[1029743 5569230  908531  962229 1082185]
432,[1029743  883404  995242 1058779  865330]
433,[1106523 1082185  995785  845208 1081177]
434,[ 934639 1048462  994928 1081189 1041796]
435,[5569471 5569230  909714 8090532  844165]
437,[1082185 1105623 1136257 1029743  859075]
438,[1133018  951590 1082185 1029743 1055646]
441,[ 1082185  1038985  1123792 12810393   860776]
442,[1085604  879755 1058997  908531 1126899]
443,[1082185 1057260  862349  981760  923746]
446,[ 840361 1055646  994928 6034857  995785]
447,[1057260 1029743  995242  847789 1053690]
449,[ 849843 1029743  995242  883404 1053690]
450,[ 995242 1055646  905539 1038217 1092026]
451,[1082185  962229 1029743  934639  860776]
454,[ 995242 1029743 5569230  908531  845208]
457,[1070015 1029743  995785  995242  883404]
458,[1058997  849843 1082185  916993 5569230]
459,[ 885290  986912  844165  879755 1115576]
460,[1082185  923746 1058997 1052912  995242]
461,[1050851 1029743 1046262  918368 1004906]
462,[1082185  995242  962568 1137775  840361]
463,[ 1106523  1082185  1055646 12810393  1133018]
464,[ 995242 1082185 1104343  923746 5569374]
466,[1025611  918368 1096317 1072523  833025]
467,[1082185 1106523  903325 1029743  923746]
468,[1106523 1082185  981760 1122358  928049]
469,[1082185  862349 5569230  901062  961554]
470,[ 995242  937791  883404  908531 1077490]
471,[1082185 5569230  923746  883404  995242]
474,[1106523 1029743  981760  995242  923746]
477,[1082185 1029743  849843 1068719  995242]
478,[1055646 1037894 1074524  994928 6034857]
479,[ 986912 1133018  914190  908531 1085604]
480,[1082185  995785 1051516 5569374  923746]
482,[ 883404 1044078  859075  999779  951590]
483,[1133018 1071939 1106523 1043590 1068719]
484,[ 862349 1119051 1050851 1082185  995785]
485,[ 951590 1029743  923746 1082185  914190]
487,[1055646  994928 6034857  995785  840361]
489,[1082185  986912 1022254  981760 1138443]
491,[1082185 1058997 1056509  862349  962568]
493,[1029743  911812  995242  965766 1077490]
495,[1029743  923746  849843  995242  913210]
497,[1029743 1082185  976199  995242  862349]
502,[ 849843 1029743  923746  965766 1082185]
503,[1082185 1070820  895540 1073150 8090536]
505,[1073150 1055646  994928 6034857  995785]
506,[1082185 1053690  951590  916122  834117]
507,[1082185 1036501 5568378 1126899  916122]
508,[1133018  883404 1106523  999971 1029743]
510,[1082185 1070820 1036501  862349  979707]
511,[1029743  883404  995242  844165  859075]
513,[ 821083 1018740 1132771  844179 5569471]
514,[1082185  878996  866211  995785  961554]
515,[1106523 1082185 1133018  895540  849843]
516,[1110572  995242 5568489 1055646 1126899]
517,[1082185  995785 1126899  840361  979707]
518,[1082185 1029743  995242 1055646 1102959]
520,[ 995242 1082185 1133018 1029743 1106523]
521,[1051516 1082185 1026118 1037863 1106523]
523,[1082185 1110572 1056651  995242 1057260]
524,[1082185  995785  901062 1055646 1106523]
525,[6602697 1082185  883003 1011300  979707]
526,[5569230 8090521  995242  951590  834117]
527,[ 933835  914190  883932 1027569  921504]
531,[1075368 1029743  883404 1082185 5569230]
533,[1029743  883404 1106523 1133018 1004906]
534,[1039156  993466  995242  847789 7025106]
537,[1057260  859075  923746  914190 1137775]
538,[1070820 1082185 1082212  821083  919534]
539,[1082185 1058997  860975  923746  833025]
540,[1000237 1082185  860776  995785  916122]
542,[1106523 1029743  995242  844165 1133018]
543,[8090537 8090521  995242 1070702 1113588]
544,[1085604 1082185 1058997  908531 1126899]
545,[ 986912 1082185  895540 1119051 1055504]
547,[ 883404  962229  849843 1029743  859075]
548,[1082185  995242  923746 1029743  860776]
550,[1082185 1029743  849843  995242  835098]
552,[1092026  883404  844165 1096036 1133018]
553,[ 849202 1029743  951590  995242  859075]
554,[1082185 1106523  883404  862349 1070272]
556,[1029743 1082185  995785  981760 1055646]
557,[1082185 1126899 5569471 1058997 1062002]
558,[1106523  995785  981760 1133018  827683]
560,[1029743 1082185 1003188  903325  995242]
562,[ 824005  965842 1082185 1029743  847982]
563,[1075368 1029743  995242  860776  908531]
564,[1082185 1029743  995785  995242 5569230]
566,[ 995242 1133018  986912 1106523 1029743]
567,[1070015  986912 1133018  839419 8090509]
568,[1033615 1106523  985119  844165 1038663]
569,[1082185 1029743  995242 1126899 1070820]
570,[1082185 1029743  951590  995242  849843]
574,[1082185 1029743  883404  995242  914190]
575,[ 862349 1070820 1082185 5569230  890610]
576,[1082185  903325  995242  840361  962568]
577,[1082185  951590  986912 1011300  999104]
578,[  987562  8090521   865705 12263788   961554]
579,[ 908531  995242 5569230  961554  916122]
580,[1056509 1041796 1077555  909894  860975]
581,[1126899 1058997  908531  983584 1002558]
582,[5569230 1082185 1119051 1026118  854852]
583,[ 914190 1092026  995242  908531 1133018]
586,[1029743 1092026  844165  883404 1053690]
587,[1055646  885290  994928  951590  859075]
588,[ 933835 1106523 1133018  883404  951590]
590,[5569230  883404 1029743 1106523  923746]
591,[ 933067  981760 9245106  854852 1025611]
593,[1106523 1133018 1082185 1085604 1092026]
594,[1029743  962229  995242 1058779  844165]
595,[1106523 1082185 1029743  883404 1098066]
596,[1106523 8090537 1081177 1055646 1068719]
598,[ 976199  923746 1106523 1029743  872137]
600,[ 995242 5569230  883404 5569471 1070702]
602,[ 1029743  1053690   844165 10285144  1055646]
603,[1106523  999971  883404  859075 1029743]
604,[1082185  862349 1070820  995242 5569374]
605,[1126899 1106523 1058997 1133018 1003600]
606,[1082185 1029743  993466  885290  845208]
608,[1106523 1039156 1065593 1133018  913785]
609,[5569230  883404 1082185 1106523 1133018]
610,[1029743  883404 1133018  860776  844165]
611,[1029743 1082185 8177622  908531 1026118]
612,[1029743 1065593  883404 5568378  925626]
613,[ 951590 1133018  845208 1004906  910673]
614,[1082185 1055646 1029743  965766  961554]
615,[995242 883003 824005 976199 961554]
617,[1082185  979707 1126899  995785 1070820]
618,[1106523  923746  959409  908531 1133018]
621,[ 981760 1137775  923746  844179 1098066]
622,[ 844165 1106523  883404  826249  987724]
623,[ 923746  934427  914190  995242 1029743]
624,[1106523  849843 1133018  899624 5592931]
630,[1082185  862349  962568  860776  981760]
631,[1082185  995242 5569230 1038217  981760]
632,[1029743 1057260  995785  923746 1082185]
633,[8090537 1082185  923746  844165  961554]
636,[1029743 1123792 1001148  977499  826385]
637,[1133018  844165 1092026  926905 1037840]
638,[1082185 1029743  923746  840361  979707]
640,[1082185 1106523 1003188 1133018  883404]
641,[ 862349 1070820 1126899 1082185 1058997]
643,[1029743  995242 1082185 1055646  883404]
644,[ 1082185   821083  1077975   995242 12263788]
647,[1082185  951590 8090536 1029743 1040807]
648,[1082185  895540  854852  995785  979707]
650,[1055646  994928 6034857  995785  840361]
652,[1065593  995242  883404 1082185  890610]
653,[5569471 1037840  979707 1055646  995242]
654,[1077555  995242 1056509  883404 1038217]
655,[1029743 1044078  863447  995785 1070015]
658,[ 849843  995242  883404 1029743  981760]
659,[1133018  844179 5569845 8090521  925862]
660,[1126899 1058997 1055646  916122  830887]
661,[ 986912 5569230  995242 1110572  981760]
662,[1029743 8090537 1106523  913210 5569230]
663,[ 908531 1106523  999971  995242 1037894]
665,[ 986912  995242 1029743 1081189  951590]
666,[ 873203 1044078  914190 1077490  883404]
667,[ 995242  849843 1082185 1133018  923746]
668,[1082185 1058997 5569471  923746  995242]
669,[1082185 1126899 1058997  840361  981760]
670,[1082185 1029743  995242  981760  914190]
671,[1029743 1056509  935284 1127624  918733]
672,[ 849843  995242  899624 1029743  908531]
673,[1029743  995785 1106523 1082185  883404]
674,[1082185  859075  995242 1081177  985119]
675,[1106523  910673 1133018 1003600  981760]
676,[1102959  947798  914190  951590 1106523]
680,[ 938566  930917 1033615  892008 1115576]
681,[ 951590  890695  850102 5568378  856252]
684,[1133018 1106523 1082185  995242 1081177]
685,[ 883404  899624  916122 1106523 1133018]
687,[ 951590 1029743 1106523  844179 1044078]
690,[ 849843 1037840 1029743  883404 1082185]
691,[1082185  995242  849843  923746  916122]
692,[ 862349 1055646 1119051 1135834  878996]
693,[1082185 1029743  995242 1070820 1028816]
694,[1037840  844165 1106523 1029743  995242]
695,[1029743 1082185  995785  981760  883404]
696,[1126899 1082185  976199  983584  923746]
697,[1082185 1070820 1057260  916122 1104343]
698,[1106523  883404 1029743  844165  965766]
699,[1029743  923746 1082185  962229  899624]
700,[ 899624 1106523 1029743  883404 1101010]
701,[1082185  981760 5569230  995242 1106523]
702,[1082185  862349 1029743  865456 1133018]
703,[1058997 1082185 5569230  995242  843756]
705,[1029743 1082185  860776 8205218 1106523]
706,[1070820 5569471  923746 1053690  976199]
707,[1029743 1082185  923746  840361 1062128]
708,[1082185 1029743  995242  845208  995785]
709,[ 908531 1107553 1106523  983584 1055646]
710,[1106523 1110572 1037894 1138189 9420312]
711,[1037840 1029743 1026118  995242 1085604]
712,[1082185 1070820  862349  981760  860776]
713,[ 962229 5569230 1075368 5569471  849843]
714,[1058997 1126899  923746  944534 8177622]
715,[1133018  995242  885863  909894  883404]
716,[1082185 1055646  860776 1058997 1126899]
717,[ 861445  940947 1085604 1055646 1106523]
718,[1092026  999971  883404  995242  860776]
719,[1082185 1106523 1040807  819978 1133018]
720,[ 863447 1055504 1081177  840361 1098248]
721,[1058997 1126899  862349 1107553  892531]
722,[1082185 1106523  845208  981760  857503]
723,[1082185  862349 1070820  961554  999104]
725,[1133018  883404 1096036 1038217 1092026]
726,[1082185 1058997  880427  995785  951412]
727,[ 859075  985119 1106523  847982  999779]
728,[1070015  923746 1106523 1082185  861445]
729,[1055646  994928 6034857  995785  840361]
730,[1058997 1126899 1082185  960732 1122358]
731,[ 908531 1029743  859075  995242 8090532]
733,[5569471 1029743  995242 1106523 8090532]
734,[ 995242 1082185 1029743 1106523 1055646]
735,[1106523 1082185  923746 1072523 1092026]
736,[1029743 1082185  962568  995785 1055646]
740,[1082185  878996  961554  976199  962568]
741,[ 845208  995785  962568 1082185  976199]
742,[1076875 1092026 1106523  944317  844165]
743,[1077975 1029743 1106523  995785 1122358]
744,[1082185  995785 1058997 1110142  862349]
745,[1082185 1077975  901062  854852 1058997]
747,[5569230  883404  908531 1058997  844165]
748,[1106523 1082185  923746 8090537  883404]
749,[ 995242  883404 1082185 1029743 1070015]
750,[ 883404  844165 1133018 1082185 1106523]
752,[ 986912 1082185  908531  981760 1138443]
753,[1070820 1082185 1075368 1029743 1126899]
754,[1082185 1126899 1058997 1127624  901062]
755,[1082185 1058997 1137775  995242 1100972]
757,[5569471 1133018 5569230  962229  883404]
759,[ 986912 1000237 1055646  879528  994928]
761,[1082185 1029743 1106523  995242 5569230]
762,[ 916122 1058997 1011300  986912 5569471]
764,[1082185 1029743  923746 1106523  995242]
766,[1082185  923746 1057260  961554  903325]
767,[1082185  840361 1070820  995242 1092026]
768,[ 995242 1029743  914190  994928  913210]
769,[1106523 1082185 1029743  883404  849843]
770,[1029743  962229 1075368  923746 5569230]
771,[916122 819765 979707 914190 840361]
773,[1082185 1058997  909714  860776  824005]
776,[ 1029743  5568378 12810393   883404   951590]
777,[ 863447 1070820  961554  962568 1029743]
779,[1057260 1106523 1082185  976199  821083]
781,[ 910673 1082185  872137  993466  842140]
784,[5569230 1082185  995242  908531  962568]
786,[1082185 1106523  981760 1133018 5569230]
787,[1082185 1039156  862349  999104  856772]
788,[1082185 1004906  923746  994928 1043590]
789,[ 995242  883003  981760  883404 1096036]
790,[1082185  961554 1053690 1055646 1070015]
793,[ 995242 1029743 1082185 1133018 1106523]
794,[1126899 1058997 1082185  979707  911812]
795,[ 923746 1029743  844165  951590 1096036]
796,[ 923746 1082185  995242  908531 1058997]
798,[1058997  908531 1126899  994928 1070015]
799,[1082185 1058997 1126899  843756  970119]
800,[1082185  995242 1029743  989101  981760]
801,[1029743 1082185  908531  914190  995242]
802,[ 845193 1082185 1106523 5569230  908531]
803,[1082185  995242  962568  840361  965766]
804,[ 999971  844165 1029743 1133018  883404]
805,[ 844165  868764  899624 1029743  979707]
806,[ 849843 1082185 1029743 1038985  883404]
807,[6034857 1029743 1082185  961554  908531]
808,[ 844165 1110572 1016800  879755 1036501]
810,[1082185 1026118 1028816  993638  863447]
811,[ 849843  995242 1029743  883404  916122]
813,[1082185  995785  860776  962568  834117]
814,[ 883404 1101173 5568378  873203 1098066]
816,[1082185  995242 1075368  862349  883404]
817,[1082185 1070820  874149  923746 1055646]
818,[1082185 1029743 6602697  885290 1058997]
820,[1106523 1092026 1029743 1065593 1133018]
822,[ 995242 1029743  911812  940947  981760]
823,[ 860776 6534480 1055646  962229  899624]
824,[1106523  962229  923746  845208  844179]
825,[1082185 1058997  903325 1028816 6034857]
826,[1082185 1037840  995242  951590 1055646]
829,[1082185  995242  951590 1137775  981760]
830,[1106523 1082185 1133018 1055646 1029743]
831,[ 957736  951590  995242  890695 1075214]
836,[1058997 1073150 1082185 1126899  840361]
837,[1082185 1126899  901062  925862 1055646]
840,[1082185 1029743 1112238  883404 1038985]
841,[1133018  908531 1106523  883404  995785]
842,[1029743  995242  999971 1113588  844165]
844,[1082185  862349  995242 1055646  840361]
845,[8090537  951590 1082185  995242  916122]
846,[1082185 1133018 1029743  890695  951590]
847,[1082185 1005274 1081189  868764  901062]
848,[1044078  840361 1101173 1041796 1070820]
850,[ 923746  849843  995242 1106523  995785]
852,[1082185 1058997  862349 1070820 1126899]
853,[ 906262 1058997  962568  951412  821083]
854,[ 860776 5568378 1029743  883404  911812]
855,[1029743  986912 5569230  916993  995242]
856,[1082185 1029743 1068719  981760  995242]
857,[1029743 1082185  995242 1040807 5569230]
858,[1070820 5569230 1082185  962229 1053690]
859,[1075368  951590 1029743  995242 5569230]
861,[1082185 1106523 1072523 1026118  995785]
862,[ 981760 1082185 1070015  979707  849843]
863,[1070015  863447 1029743  916122  849843]
864,[1029743 1101010  883404  899624 1132771]
865,[1106523  962229  930917  899624  844179]
866,[1106523  844179 1133018 1061220  923746]
867,[1075368  908531 5569230  983584 1133018]
868,[1029743 1070820  951590  883404  940947]
869,[1044078  995785  845208 1029743 5592931]
871,[1082185  979707  983584  913210 5569230]
875,[1082185  981760 1065593  923746  995242]
876,[1082185  883404 1058997  849843  995242]
877,[1126899 1082185 1058997 1055504  961554]
878,[1106523  947798 1133018  951590 1082185]
879,[1070820 1058997 1082185  903325  911812]
880,[1082185  951590  866211 1055646  961554]
881,[ 890695 1029743 1082185  981760  987724]
882,[1106523  908531 1137775  899624 1043751]
883,[1082185  874149 1051516  995785  860776]
884,[ 986912 1106523  883404 5569327  995242]
885,[1106523 5568378 1076875  951590 1037894]
886,[1070820  868764 1036501 1082185  893501]
887,[ 981760 1133018  883404 1055646  860776]
888,[1082185  859075 1029743  916122  933835]
889,[1126899 1082185 8090532  909894  860975]
891,[1082185  981760  995965 1133018  951190]
893,[1106523  872137  913785  844165 5568378]
894,[1082185  860776 1055646 1119051  874149]
895,[1082185  866211 1081189  961554  999104]
897,[1082185 1070820 1029743  862349 1058997]
898,[1057260  824005 1028816  848319  995242]
900,[ 986912 1133018  885863  821083  914190]
903,[1082185 1070820 1058997 1126899  962568]
904,[ 995785 1106523 1082185 1133018  923746]
906,[1133018  970202 1058997  995785 1106523]
907,[ 995242 1082185  986912  849843  840361]
908,[1057260 1082185 1104343  971922  896085]
909,[1082185 1029743  976199  840361  914190]
911,[1082185  903325  860776 1058997  981760]
913,[10344585  1070820  1082185   834117   999104]
914,[1073150 1107553  863802  883932  986912]
915,[1057260  954642  880150 1077555 1068719]
916,[ 916122 1058997  913210 5569471 1126899]
919,[1029743 1133018  995242 8205218 1085604]
920,[1106523 1097001 1061220 1133018 1082185]
922,[1058997 1082185 1126899 1039156  923746]
924,[ 995242 1029743 1048462 1075470  883404]
926,[1138443  981760  903325 1058997  916122]
927,[1082185 1058997 6034857  916122  962568]
928,[ 908531 1082185 1029743  995242  911812]
929,[1070820 1070015  845193  908531  883404]
930,[1016800 1029743  934639  850102  883932]
931,[1126899  913210 1040807  933835  951590]
934,[1082185 1133018  995242 1029743  914190]
935,[1082185 1126899 1055646  913210  860776]
936,[1029743  908531 1106523  983584 1082185]
937,[1126899 1058997  849843 6034857  840361]
939,[1082185 9420312 1029743 1092026 1106523]
940,[1123792 1065593 9420312  859075  908531]
941,[ 862349 5569471  995242 1011300 5568378]
942,[1029743  995242 1123792  916122 1087102]
943,[1106523  923746 1133018 1068719  883404]
944,[ 951590 1101010 1082185 1106523 1029743]
946,[1082185  849843 1133018  981760 1044078]
947,[1101010 1037863 1055646  845208 1133018]
949,[1029743 1082185 1135768 8090537  913210]
951,[1029743  981760 5569230  823704  940947]
952,[ 883404  995242 1029743  908531  909894]
953,[1082185 1029743  981760  999104  849843]
954,[1055646  994928 6034857  995785  840361]
955,[ 916381 1105623  859075  827683  938566]
956,[ 849843 1082185 1070820 1029743  986912]
957,[ 849843 1075470 5592931 1133018 1082185]
959,[1082185 1106523  845208  899624 1003188]
960,[1082185 1058997 1070820 1126899  923746]
961,[1082185 1029743 1002771 1070820 1006184]
964,[ 962229 1029743 1106523 8090537 1038663]
965,[883404 965766 849843 999779 923746]
967,[ 883404  981760 1055646 1110572 1058779]
968,[1082185 1029743  849843  981760  883404]
969,[1082185 1029743 5569230  860975  901062]
971,[ 895540 1075368  908531 6602697  995242]
972,[ 862349 1107553  982790  832678 1048462]
973,[1082185  854852  878996  911812  914190]
974,[1106523 1029743  883404  899624  962229]
975,[5569327 5569471  995965  944836 1098248]
976,[1082185 1070820  979707 1029743 5569230]
978,[1082185 1070820  951590 1106523  862349]
979,[1082185 1029743  995242  860776  866211]
981,[1082185  866211 5569230  951590 1092937]
982,[1082185  951590 1055646  962229 1029743]
983,[1029743  995242 1075368 8090521  883404]
984,[1126899 1082185  995785 1119051  908531]
985,[1082185 1029743  995242 1055646 1070820]
986,[ 995242 1029743  873964  849843 1082185]
987,[1137775  819978 1070820 1075368 1106523]
988,[1070820  981760  999971 1106523 1082185]
989,[ 833025 1029743  899624 1082185  921744]
991,[1082185  986912 1026118 1055646  994928]
992,[ 909714 1082185  896369  913210 1055646]
993,[1082185  951590  995242 1101010 1138443]
996,[1082185 1133018  923746  835098  948670]
997,[1070820  849843  981760  965766  951197]
998,[1082185  849843  883404 1000753  899624]
999,[1029743 1082185  983584 1092026 5585510]
1000,[1082185  986912  854852 1133018  896085]
1001,[1053690 1135834 1082185 1029743  893501]
1003,[1029743 1070820 1082185 1133018  995242]
1004,[1029743  995242 1054262  849843 1122568]
1005,[8205218 1039589  883404 1111072  896369]
1007,[1029743  883404  995242  999971 1133018]
1008,[1065593  849843  883404 5569230 1096036]
1010,[1082185  862349  995242  883404  845705]
1011,[1058997  862349 1126899  944836  979707]
1012,[1082185 1070820  849843  923746  862349]
1014,[1082185 1029743  883404  923746  981760]
1015,[1082185 6602697  995242  916993 1037332]
1018,[1070820  862732 1036501  951590 8090521]
1019,[1106523 1082185 1026118 1055646  845208]
1020,[1082185 1070820 1029743  965766  916122]
1021,[1070820 1029743 1122358 1082185  868764]
1023,[1062002  865705  878996  961554 1062128]
1024,[ 933835  847982 1070702 1043751 1106523]
1025,[1106523  908531 5568378 1029743 1058779]
1027,[1058997 1082185 1055646  911812 1101010]
1029,[1082185 1126899  885290 1058997 1022254]
1030,[1070820 1082185  951590  986912  860776]
1034,[1082185  860776 1126899 1133018  934639]
1038,[1082185 1106523 1133018  995242  849843]
1039,[ 951590 1082185 1029743 1134522  981760]
1040,[ 1082185  1075368 10344585  5569471  8090536]
1041,[1029743  995242  923746  981760 1044078]
1042,[ 862349 1036501  916122 1082185  903325]
1043,[1055646  994928 6034857  995785  840361]
1045,[1082185  981760 1029743  985893  873964]
1046,[1126899 1082185 1058997 6034857 1071342]
1047,[1055646  844179  899624 1133018 1044078]
1050,[ 995785  962229  899624 1106523  860776]
1051,[1137775  921504 1082185 1029743  951590]
1053,[ 979707 1119051 1028816 1065593 1062002]
1057,[1082185 8090532  892531 1107553 1058997]
1058,[ 844165 1044078  883003  849843 5568378]
1060,[ 951590  995242 1082185  883932  826249]
1061,[1106523  844165  923746 1043590  859075]
1062,[1127624  890610 1029743 1055646  995242]
1064,[1082185  995785 1070820  962568  860776]
1066,[989101 995242 944534 934639 979707]
1067,[1029743 1075368 1082185 5569471 1126899]
1068,[ 995785 1043590  951590 1025611  999971]
1069,[1029743  995242 1082185  923746  908531]
1070,[1082185  995242 1029743  983584  908531]
1071,[1082185 1085604  995242 1133018 1065593]
1073,[1082185  995242 1058997  908531  873627]
1074,[1029743 1082185  995242 1054262  940947]
1075,[1070015  995242  909894 1029743 1033615]
1076,[1075368 1082185 1106523  865456  962229]
1077,[ 951590  995242  937292 5569230  840361]
1078,[1126899 1082185 1058997 1026118 1106523]
1080,[1106523 1133018 1029743  899624  844165]
1081,[ 981760 1106523 1082185  899624  916122]
1082,[1133018  883404 1106523  844165 1092026]
1083,[ 979707 1106523  995785 1029743 1044078]
1084,[ 951590  934639  909894 1135768 1106523]
1085,[1082185 1029743 1106523 1133018  883404]
1086,[ 854852 1082185 1055646 1138443  995785]
1087,[1106523  908531  995242 1029743 1133018]
1088,[1068719  913785 1106523  965766  979707]
1089,[ 873964 1029743  947798  999779  883404]
1090,[ 962229  944836 1055646  994928 6034857]
1091,[1029743 1082185  951590 1070015  859075]
1092,[ 883404  859075 1096036  908531 5569230]
1093,[1106523 1082185  995242 1029743  962229]
1094,[1029743 1082185 5568378  933835  981760]
1096,[1082185  995785  878996 1106523  845208]
1097,[1070015 1028816  994928 1106523 5569327]
1098,[1082185 1029743 1055646  908531 5585510]
1100,[1085604 1092026 1055646  849202  896085]
1102,[1082185 1029743 1044078  883404  866211]
1103,[1126899 1058997 1051211 1082185 1039156]
1104,[1082185 1039156  986912  995242 1082212]
1105,[5569230 1055646  994928 6034857  995785]
1106,[ 868764  883404 1075470  916122 1055646]
1108,[1082185 1110572 1029743  908531  995242]
1109,[1070820 1082185  862349 1115576 1058997]
1110,[ 908531 1070820  862349  859075 1077555]
1111,[1082185 1106523  985119  860776 1055646]
1112,[1075368 1082185 5569471  862349  995242]
1113,[1082185 1058997 1126899  995242  961554]
1114,[1029743  883404 1098066  981760  826249]
1115,[1082185  995785  995242  976199  903325]
1117,[1106523 5569230 1029743  860776  951590]
1119,[1082185  995242  908531  951590  981760]
1120,[ 995242 1133018 1082185  981760 1029743]
1121,[ 962229  995242 1082185  872137 1041796]
1123,[ 962229 1126899 5569230 1082185  981760]
1124,[ 995242 1106523 1092026 1058779  925626]
1127,[1082185 1029743  995785  962229  916122]
1128,[1029743 1106523 1053690 5592931  824005]
1129,[1126899 1082185 1070820  862349 1029743]
1130,[1039156  923746  995242  849843 1029743]
1131,[1029743  995242 1075368 1082185  883404]
1132,[1025611 1043590 1106523 1044078 1133018]
1133,[ 903325 1082185 1106523  995785 1037863]
1134,[1082185 1070820  857503 1037863  916122]
1135,[ 995242 1029743  908531  951590 1055646]
1136,[1106523 1053690  999779  859075 5569230]
1137,[1082185  995242  868764  849843  860776]
1138,[1110572  859010  879755  898212  868764]
1139,[1082185 1070820  995242  862349 1055646]
1141,[1029743  995242  883404  844165  914190]
1142,[6602697 1082185  995242  995965  860776]
1145,[1106523 1082185  999971 1033615 1043590]
1146,[ 981760  995242 1029743 1082185 1033615]
1147,[1106523 1016800  965766  951590  914190]
1149,[1026118 1028816  848071  986912 1041796]
1151,[1122358 6602697  923746 1106523  849843]
1152,[ 995242 1029743 5569471  951590 1009449]
1154,[1106523  849843 1053690  908531  859075]
1155,[1106523  883404 1133018 1082185 1029624]
1157,[1070820  951590 1082185  995242 1011300]
1158,[ 890610 1133018  862349 1106523 8090521]
1159,[1082185 1107553 8090532 1068719  868764]
1160,[1133018 1068719 1044078 1106523 1096036]
1161,[1070820 1106523 1133018 1082185  995785]
1163,[1029743 1082185  995242  840361  883404]
1164,[1082185 1077975 1070820  862349  961554]
1166,[1029743 1082185  995242 1039156  899624]
1167,[1082185 1070820 1127624 1082212  962229]
1168,[ 908531  995242  983584 1106523 1029743]
1169,[ 844165  849843 1082185  916381 1092026]
1171,[1075368  995242 1096036 1029743  999971]
1172,[1122358 1029743 1053690  844165  908531]
1174,[1106523 1133018  923746  883404 1002558]
1175,[1082185  916122  961554  951412  979707]
1176,[1055646  994928 6034857  995785  840361]
1178,[ 995242 1104343  916122 1082185  845208]
1179,[1082185  995242  859075  908531  860776]
1180,[ 849843  985119 1033615 1029743  923746]
1182,[1044078 1106523  899624 1068719 1082185]
1183,[ 883404 1106523 1135258  844165  999971]
1185,[1106523 1082185  849843 1133018 1023958]
1186,[1082185 1070820  970030 1126899 1011300]
1187,[1106523  910673 1133018 1025611 1054262]
1188,[1133018  883404  914190  923746 1106523]
1189,[1106523 1082185 1072523 1068292  969866]
1190,[1029743  844165 8090537  995242  849843]
1191,[1082185 5569230  890695 1055646 1081189]
1192,[ 849843 1133018  995242  859075 1065593]
1193,[1082185  995242 1106523  994928 1102959]
1194,[1106523  995242 1133018  849843 1096036]
1195,[1075368 1085604 1029743 1053690  859075]
1196,[1070820 1082185  970030  878996  857503]
1197,[ 951590 1029743 1082185 8090532  933835]
1198,[1082185 1058997  995785  883404  923746]
1201,[1029743 5569230 1056509  995242 8090537]
1202,[1058997 1082185  916122 1072523  847789]
1203,[ 951590 1082185 1106523  981760  910673]
1204,[1106523 1097001  908531 1133018 1029743]
1205,[1029743  995242  994928 1092026 1106523]
1206,[1053690  900802  883404  981760 1029743]
1207,[1133018  883404  995242 1056509 1070015]
1208,[1082185 1043590 1044078  959409  844165]
1209,[ 861445 1055646  986912  994928 6034857]
1210,[1082185  862349 1070820  908531  923746]
1211,[1000753  993466  860776 1082185  981760]
1214,[ 993638  961979 1055646  994928 6034857]
1216,[1082185 5569230  951590  981760  995242]
1217,[1029743 1106301 1106523  916122  899624]
1218,[1082185 1070820 1029743  916122  962568]
1219,[1033615 1039156 1068719  985119 1055646]
1221,[1082185 1029743  883404  923746  909714]
1222,[ 951590  919534 5569230 1037840 6534480]
1223,[1029743 1106523 1092026  883404 5568378]
1224,[1065593 1106301  844165 1029743 1096317]
1225,[1029743 1133018 1106523  883404  999971]
1226,[1082185 1070820  862349 1070015  914190]
1227,[1053690 5568378 1070702 1092026 1058997]
1228,[1133018 1022254 1082185  962568  994928]
1229,[1082185  965842 1037332 1070820  979707]
1230,[ 860776 5568378 1029743 1082185 1106523]
1231,[1082185  860776 1055646 1110142  962568]
1234,[ 862349 1082185 8177622  871756  981760]
1236,[1037840 5569230 1133018  999971 1106523]
1238,[1082185  908531  979707  995242  981760]
1240,[1082185  979707  860776  913210  916122]
1241,[1075368 1092026  944139  995242 1029743]
1242,[1070820 1082185  862349  883404  840361]
1245,[ 860776  985119  969866 1033615  923746]
1246,[1126899 1082185  993466 1029743 1058997]
1247,[1082185 1029743  951590 1126899  981760]
1248,[1106523  951590 1082185  925862  883932]
1249,[1106523  995785 7025106 1133018  925862]
1252,[1070820  923746 5569471  847982  981760]
1255,[1106523 1133018 1077555 1056509 1082185]
1256,[ 979707  854852  878996  986912 1043301]
1257,[1082185  824005  903325 1126899  970119]
1258,[5569471  883932 1082185 1058997  957736]
1259,[1082185  916993 8177622 1113588  883404]
1260,[1082185 1098248 1058997  891141 1102949]
1261,[1082185  840361 1055504  883404  901062]
1262,[1029743 1106523  995242 1082185 1133018]
1263,[1029743 1082185  866211  923746  883404]
1264,[1029743  868764 1106523 1036501 1092026]
1265,[ 995242 1082185 1133018 5569230 1053690]
1266,[ 995785  863447 1055646  923746 1039156]
1267,[ 862349 1065593 1119051  970119  916122]
1269,[1057260  981760 1070820 1082185 1029743]
1270,[1106523 1028816 1082185  848071 1026118]
1271,[1082185  981760 1038217 1029743  914190]
1272,[ 868764  916122 1055646  865330  979707]
1274,[1070820  951590 1082185 8090537  865528]
1277,[1106523 1133018  908531  859075 1092026]
1278,[1082185 1106523  962229  883404  916122]
1279,[ 951590 1106523 1004906  994928 1055646]
1280,[1055646  994928 6034857  995785  840361]
1281,[ 995785  844165  860776  873203 1043301]
1282,[1106523 1068719  899624 1043590  923746]
1283,[ 995785  995242  849843 1133018 1044078]
1284,[1133018  999779  994928  999971  845208]
1285,[1106523 5569230 1065593 1133018  961554]
1287,[ 951590  862349 1133018  854852 1101010]
1288,[ 923746  862349 1082185  883404  999971]
1289,[1085604 5569230 1037894 1029743 1110572]
1290,[ 849843 1081177 1002558  860776 1133018]
1291,[ 962229 1082185  965766 1133018 1106523]
1293,[ 959409 1044078 1001148  865330  999971]
1294,[1126899 1082185  840361  961554  962568]
1295,[1029743  995242  883404 1092026 1072523]
1296,[ 995242  951590  880150 1082185  999858]
1297,[1082185  860776  995785 1003600 1106523]
1298,[ 883404  999971 1096036 1029743  995242]
1299,[1029743  903325 1096343  902167  962568]
1300,[1106523 1082185  995785  923746  962568]
1303,[1082185 1029743  951590  976199  981760]
1304,[ 923746 1106523 1029743 1133018  883404]
1305,[1092026 1106523  859075  908531 5569230]
1306,[1070015 1029743  995242 1068719 1096036]
1307,[1082185  854852 5569230 1028816  901062]
1310,[ 883404  914190 1082185 1055646 1106523]
1312,[1029743 1082185  840361  883404  995242]
1313,[1029743  995242  883404 1082185 1096036]
1314,[1082185 1029743  976199  923746 1074524]
1316,[1029743 1082185 5568378  965766  962229]
1317,[1029743 5568489  873964  995242 5568378]
1318,[ 911812  925862  995242 1077490  872137]
1319,[1058997  995242 1082185  916122  923746]
1321,[ 892008  930917  923746 1133018 1106523]
1325,[1082185  962568 6602697 1119051  961554]
1326,[1029743  995242 1082185  883404  849843]
1328,[ 951590  923746  844165 1132771  859075]
1329,[ 908531  962229 1098248  962568  954642]
1330,[ 819978 1133018 5569230 1101010  856252]
1331,[ 908531 1029743  965766 1041796 1055646]
1332,[1082185  824005 1028816  860776 1053690]
1333,[1082185 1126899  990797 1022097  951590]
1334,[ 879755 5569327  844165  883404 1085604]
1335,[ 862349 1082185  901062  970119  916993]
1336,[1029743  833025  981760  908531  883404]
1337,[1082185  923746  983584  908531  981760]
1338,[ 994928 1133018 1106523 1092026  883404]
1340,[1082185  821083 1055646  916122  849843]
1342,[ 986912 1055646  994928 6034857  995785]
1343,[1029743 1085604 1101173  879755 1055646]
1344,[1082185 1029743  994928  883932  834117]
1346,[1082185 1082212 1058997  866211 1000753]
1347,[1107553 1029743 1037894 1037840  860776]
1350,[1029743  883404 1106523  981760  849843]
1351,[1029743  923746 1133018 1106523  999971]
1352,[1082185  976199  951412  862349  840361]
1353,[1057260 1068719  995242  840361 1137775]
1354,[ 995242 1133018  965766 1082185  883404]
1355,[ 914190  981760 1056509 1077555 1055646]
1356,[1070820  981760  862349 5569230 1082185]
1357,[5569471  860975  862349 5569230 1070820]
1358,[1029743  995242  844165 5569230  883404]
1359,[ 849843 1029743 1075368  995242  883003]
1360,[1082185 1123792 1065593 1133018 1055646]
1361,[ 951590 1082185 1029743  961554 6034857]
1362,[1082185  909714  878996 1138443 1119051]
1363,[1029743  979707  911812 1082185 1132771]
1364,[1082185  995242 1029743  862349  951590]
1366,[1058997  849843 1126899 1119051  901062]
1367,[1082185 1070820 1053690 1126899  862349]
1368,[1082185 1070820 1029743  916122  951590]
1369,[1082185  981760 1126899 1026118 1119051]
1370,[1106523  965766 1110572 1070702 1133018]
1373,[6034857 5569230 5569471  909714 5585510]
1374,[1106523 1133018  962229 1082185  951590]
1375,[1082185  962568 1119051  900802  903325]
1376,[1029743  914190  995242  844179 1082185]
1378,[1082185  995242 5585510  944836  909268]
1379,[1082185  962229  981760 1055646 1029743]
1380,[1029743 1082185  995785  849843 5569230]
1381,[1106523  938566 1055646  994928 6034857]
1382,[1029743 8090532 5569230  995242  834117]
1383,[1077975  909714 1082185 5585510 1055646]
1384,[ 849843 1133018 1029743  923746  880150]
1385,[ 844165 1029743  849843 1082185 1106523]
1387,[ 944534  821083 1105917 1082212  878996]
1388,[1081189 1082185 1076875 1027168  911812]
1389,[1058997 1082185 1126899  871756  885290]
1390,[1029743  995242 1082185  981760  962229]
1391,[ 923746  860776 1133018  845208 1055646]
1393,[1082185 1058997 1119051 1051516 1126899]
1394,[1082185  862349 1070820 1119051  860776]
1395,[1126899 1048462  880427 1082185  908531]
1397,[1082185 1106523  923746  944534  849843]
1398,[ 986912 5569471 1011300 1107553 1058997]
1399,[1082185  995242  860776 1029743 6034857]
1401,[1029743 1044078 1082185  923746  840361]
1402,[1106523  849843  923746 1133018  995785]
1403,[1082185 5569230 1070820  951590 1075368]
1405,[5569471 1106523 1029743 1082185  883404]
1406,[1082185 1138443  989101  840361  849843]
1408,[1082185 1029743  995242  928049  951590]
1409,[1082185 1133018  923746 1134522 1096036]
1410,[1029743  923746 1082185  995785  976199]
1412,[1082185 1029743  885290 9677202  965766]
1413,[1082185 1029743 1055646  994928 6034857]
1414,[1058997 1126899  849843  840361 1055646]
1417,[1106523  903230  999971 1133018 1055646]
1418,[1070820 1082185 1029743 1056651  995242]
1419,[1070015 1085604 1106523  923746 1133018]
1421,[1029743 8090521  995242 1053690 5569230]
1423,[1082185 1056509  860975 1055646 1023958]
1425,[ 859075 5569230 8090537 1101010 1096036]
1426,[1029743 1106523  919534  844165  883003]
1427,[1029743  995242  849843 1082185  981760]
1428,[1029743  995242  849843  833025 8090532]
1429,[1126899 1058997 9420312  919948 1123792]
1430,[1082185  860776  885290  981760 1126899]
1431,[1110572 5569230  916122 1082185  998119]
1434,[1075368 1082185  995242  883404  923746]
1437,[ 883404  849843  826249  914190 1029743]
1440,[1106523 1056509  859075 1133018  844165]
1443,[ 1082185  1070820   989101  1055646 10344585]
1445,[ 916122 1029743 6034857  962568  903325]
1447,[ 883404  844165  913210 1076875 1029743]
1450,[1082185  995242  981760  860776 1055646]
1451,[1082185  824005 1029743 1070820  981760]
1452,[ 995242 1029743 1106523 1133018  989101]
1453,[1082185 1110572 1138189  986912  995242]
1454,[1082185  995242 1029743  914190 5569374]
1457,[ 910673  987724  863447 1106523 1044078]
1458,[1082185  845208  976199  923746  981760]
1459,[872137 995242 995785 870515 911812]
1461,[1029743 1082185  995242  895540 1000753]
1462,[1082185  995242  916122  890695  903325]
1463,[ 986912 6034857 1037332  962568 1082185]
1464,[ 923746  908531  883404 1133018 1029743]
1465,[1075368 1082185  911812  872137 1039156]
1466,[1126899 1082185 1055646 1029743 5569230]
1467,[1085604 1037894  861445  986912 1057260]
1470,[1070820 1082185 1029743  995242  862349]
1471,[10285144   913210  1126899  1055646   883404]
1473,[1082185 1126899  903325  961554  873203]
1474,[1106523 1133018 1070015 1037840 5568378]
1475,[1082185  865456  862349 1057260 1070820]
1476,[ 995242 1058997  862349 1115576 1082185]
1479,[1029743  995242  883404 1082185 1133018]
1480,[1082185 1029743  995242 1044078  905539]
1481,[ 995242  951590  965766 1096317  844165]
1483,[5569230  923746 1029743  874972 1053690]
1484,[1058997 1104343  944836 1082185  962568]
1485,[1106523  951590 1075368 1082185 5569230]
1487,[ 940947 5569230 1075368  951590 1029743]
1488,[1126899  923746 1053690 1082185 1092026]
1489,[1029743  995242 1082185  883404  826249]
1490,[ 995242  863447  981760  934639 1070015]
1491,[1082185  951590 1106523  981760 1053690]
1492,[1082185 1037863  845208 1039156  962568]
1493,[1106523 8090521 1133018 1085604  883404]
1494,[ 923746  995242 1068719 1055646 1133018]
1495,[1033142  995785  967395  849843 1082185]
1499,[1082185  995242  908318  945662  911812]
1500,[ 951590  995785 1044078 1029743 1082185]
1501,[1082185 1070820  862349  860776 1119051]
1502,[1082185 1027569 1055646 1058997  840361]
1506,[ 1055646   995785  1043590   849843 12301100]
1507,[1106523  844165  879755  899624  873654]
1508,[1058997 1126899 1122358 1082185  916993]
1509,[1029743 1082185 1016800  926905  872137]
1510,[ 986912  914190 5569230 1082185 1039156]
1511,[5569230 1106523 1133018  995242 1101010]
1512,[1029743 1106523 1082185  883404  995242]
1513,[1029743  873203 1137346 1085604 5569845]
1514,[1082185 1126899 1058997  995785  994928]
1515,[1082185  981760 1029743 5569230  914190]
1517,[1070820 1082185 1101010  862349  951590]
1518,[1029743  849843  923746 1055646 1082185]
1519,[1070820 6034857  860776  995785  849843]
1520,[1029743  883404  995242  908531 1082185]
1521,[ 995242 1113588 1133018 1082185 1053690]
1523,[1029743 1082185  908531  995242  923746]
1524,[1082185 1126899 1058997  995785 5569374]
1525,[ 849843 1029743  995242 1082185  844165]
1526,[1133018  844165  994928  865330  986912]
1527,[1082185 1029743  951590  914190  961554]
1528,[1029743 1075368  908531  983584  844165]
1529,[ 993466  987562 1029743  944466  844179]
1530,[1082185 1029743 1058997  901062  999104]
1531,[1082185 1058997 1126899  880427  995242]
1532,[ 914190 1082185  995242 5569471  821083]
1533,[ 986912 1070820  879755 1055646  994928]
1534,[ 923746 1070820 1071939  999971  862349]
1535,[1106523  844165 1133018 5568378 1004906]
1536,[1029743 8090532  868764 1076875  914190]
1537,[1106523 1029743  995242 1133018  923746]
1539,[1055646  994928 6034857  995785  840361]
1540,[ 914190 5568378  999971  893501 1106523]
1541,[1082185  940947 1116821 1029743 1098248]
1542,[ 821083 1029743  995242 8090521 1082185]
1543,[ 995242 1053690 1029743 5569230  923746]
1545,[1106523 1082185 8090521 1055646  923746]
1546,[1029743  995242  965766  914190  873203]
1547,[ 893501  995242  883404 1039156 5569471]
1548,[1053690  916381 1054262 1055646  995785]
1549,[ 986912  849843 1133018 1122358 1106523]
1550,[ 959409  999971 1113588  985119  922907]
1552,[1029743  944836 5569230 1048462  951590]
1553,[ 849843  999971  899624 1055646  858302]
1555,[1029743  883404 1092026  844165  986912]
1556,[1082185  995242 1055646  859075 1096036]
1557,[ 1106523  1082185 12263788  1009449   995242]
1558,[ 995242  873203 1082185  995785  883404]
1559,[1082185 1075368  914190 1026118  940947]
1560,[1029743  995242 1082185  883404  923746]
1563,[1039156 1119051  903325 1070820  860776]
1564,[1082185  948650 1055646  981760  988693]
1566,[995785 976199 979707 923746 995242]
1567,[1082185 1051516 1026118 1106523  860776]
1568,[ 883404 1133018  923746 1106523 1082185]
1569,[1029743 1106523 1082185  995242 1133018]
1570,[1082185  860776  979707 1058997  995785]
1571,[10285144   976199   981760  1070820   844165]
1572,[1058997 1126899 1005274 1133018 1082185]
1575,[1082185  903325 1070820  862349 1022254]
1576,[1082185 1029743  995242  981760  849843]
1577,[1029743 1082185 1003188  914190  883404]
1578,[1029743  916122  873203  859075  995785]
1579,[1082185  995242 1029743  951590  914190]
1580,[ 995242 1106301  995785  994928 1029743]
1581,[1070820 1082185 1029743  849843 5569471]
1584,[1029743  865705 1053690 1082185  995785]
1585,[1082185 1058997  854852 1011300  961554]
1587,[1029743 1085604  995242 1055646  899624]
1588,[1082185  908531  923746  961554  962568]
1590,[1082185 1070820  995785  944836 1055646]
1591,[1082185  850841 1135768  862349 1000237]
1592,[1058997 5569471 8177622  859075  903325]
1593,[1082185 1029743  995785 5569230  962229]
1594,[1106523  883404 1068719 1133018 1043590]
1595,[1038985 1137775  971922 1081189  914190]
1596,[1082185  933835  951590 1040807  832678]
1598,[ 995242 1029743  951590 1082185  844179]
1599,[ 951590 1043590 1002558 1068719  840361]
1600,[1133018  849843 1106523  883404  995242]
1602,[1070820 1104343 1082185  860776  848071]
1604,[ 832678  944486 1051211  986912 1101010]
1607,[ 5569471  8090532  8177622 10344585  5569230]
1608,[1133018  860776  962568 1106523 1082185]
1609,[1082185  951590 1029743  883932  979707]
1611,[1029743 1082185  986912 1037840  861445]
1612,[1082185 1058997 1070820 1029743  901062]
1614,[1082185  901062  895540 1037863 1106523]
1618,[1082185  961554  862349 1138443  981760]
1619,[1075368 1082185 1133018  845208 1071939]
1620,[ 883404 1106523 5569230 1110572  947798]
1621,[1106523  849843  844165  933835 1038217]
1622,[1082185 1062002 1029743  860776  860975]
1623,[ 999971 1106523 1044078  994928 1068719]
1624,[ 986912 1082185 5569230 1026118 5569845]
1627,[1082185  860776 1029743  880427  995785]
1628,[ 861445 1110572  986912 1106523 1055646]
1630,[1082185 1056509 1106523  923746 5585510]
1631,[1029743 1108168 5569327  883404  826249]
1632,[1082185 1070820  862349 1065593  999104]
1633,[1082185  995242 1029743  951590  859075]
1634,[5569327 1029743  995242  947798 1082185]
1636,[1055646  994928 6034857  995785  840361]
1637,[1082185 1039156 1014948 1126899  971922]
1638,[1058997 1126899  860776  923746 1004906]
1640,[1065593 1106523  868764 1075368 1037840]
1641,[1126899 1058997  944137 1076875  995785]
1642,[1106523 1133018 1082185  995785 1051516]
1643,[1106523 1029743  899624 5568378 1096036]
1644,[1082185 1029743 1138189 5569230  995242]
1645,[ 995242 6034857 1011300  976199  951412]
1646,[1029743 1082185  908531  983584  834117]
1647,[ 981760 1055646  994928 1098066 6034857]
1648,[1082185  962229 1106523 5569230  995242]
1649,[1082185 1133018  995785  854852  916122]
1650,[1082185  903325  944137  848071 1028816]
1651,[1082185 1058997 6034857 1119051 1104343]
1652,[ 962229  951590 1029743 1082185 1065593]
1653,[1055646 1082185 1029743 1119051  923746]
1654,[1082185 5569230 1070820 5569471  995242]
1657,[1053690 1106523  883404 1082185  916381]
1658,[1029743  981760 1082185  885290  995242]
1659,[1082185  995242 6034857 1028816  962568]
1660,[1106523  883404  999971 1029743  849843]
1662,[1126899  916122 1082185  880427 1037332]
1663,[5568378 1029743 1070820 5569327  981760]
1664,[868764 883404 899624 981760 873627]
1665,[1029743 1082185 1043590 1106523  923746]
1666,[5569230 1029743  995242 1082185  844165]
1668,[1106523 1133018 1053690 1082185 1068719]
1669,[1126899  857503 1055646  867188  994928]
1672,[1029743 1043590 1106523 5592931 1133018]
1673,[ 995785 1106523 1053690 1082185  981760]
1676,[1082185 1028816  903325  845208  970030]
1677,[1029743 1082185 9835509  995242 1082212]
1680,[1082185  859075 5569471  883404  916122]
1683,[1070820 5569471  914190 5569230  911812]
1684,[1106523 1082185  995785 1053690  916381]
1685,[1029743  995242  908531 1106523 1058997]
1686,[1029743  883404  995242 1133018 1106523]
1687,[1082185 1058997 1126899  899624  979707]
1688,[1029743  883404 1106523 1070702 1044078]
1689,[1029743  845208  995242  923746  883404]
1690,[ 951590 1133018  832678  863447 1082185]
1692,[ 995242  914190 1029743 1133018  883404]
1693,[1082185 1126899  995785 1028816  985999]
1694,[ 951590  947798  985893 1070015  908531]
1695,[1082185  989101  895540 1029743 1009449]
1696,[1082185 1029743  862349 1070820  995242]
1697,[ 926905 1016800 1044078 1029743  995242]
1698,[1082185  999971 1029743 1055646  899624]
1699,[ 993638 5569845 1106523  951590  986912]
1700,[1043590 1106523 5568378 1058779 1044078]
1701,[ 995785 1029743 1053690 6034857  951590]
1703,[1106523  879755 1133018 1057260  844165]
1704,[ 862349 1095100 1065593 1055646  923746]
1705,[ 995785 1070015  962568 1033142 1044078]
1706,[1082185  883404 1106523 1055646 1098066]
1707,[1085604  861445  995242 1029743 5569230]
1708,[1029743 1082185  951590  995242 5569230]
1709,[ 995242  914190  908531 1133018 1029743]
1710,[1082185 1029743 1106523  878996  995242]
1712,[1082185  849843 1126899 1029743 1058997]
1713,[1082185  828867 1028816  951590  986912]
1715,[1058997 1126899 1082185  995785  824005]
1716,[ 883404 1085604 1029743  995242 1133018]
1717,[1029743 1082185  995242  995785 1055646]
1718,[ 1082185  1070820   995242  1106523 10285144]
1719,[1029743 1070015 1082185  865456 1106523]
1720,[1070820  951590  933835  834117  859075]
1721,[1106523 1133018  909894 1055646  873203]
1722,[1119051  994928 1096343 1002558  987562]
1723,[1101010 1040807 1106523  845208  819978]
1724,[ 824005 1082185 1106523 1126899  961554]
1726,[1082185  995242 1126899  862349  979707]
1728,[ 883404  826249 1096036  908531 1098066]
1729,[1106523 1029743  908531  995242 1133018]
1730,[5569230 1108168 1092937 5569471 1055646]
1731,[ 849843 1082185 1126899  883404 1029743]
1732,[1082185 1029743 1106523  995242  840361]
1733,[1082185  986912  849843 1133018 1025611]
1734,[1026118 1043301 1122568 5569230 1055646]
1735,[ 995785 1075368 1055646  951590 1081177]
1737,[1082185  849843  901062 1058997 1105623]
1738,[5569471  923746  981760 1037840  883404]
1739,[1106523 1133018 5568378  962229  858302]
1740,[1075368 1082185 1112238 1074333 1056509]
1742,[1098066  826249 1039156  965766  944534]
1743,[ 995785 1106523  883404 1029743  860975]
1745,[ 849843  923746  883404 1106523  999971]
1747,[ 859075  914190 1055646  899624 1058779]
1748,[1106523  947798 1133018 1082185  934427]
1749,[1082185  862349  951590 1029743  981760]
1750,[1029743 1082185 5569230  979707  995242]
1751,[1070820 1029743 1053690 5569230  862349]
1752,[ 951590  844165 1065593  985119 1133018]
1753,[ 879755 1085604 1037894  844165  986912]
1754,[ 995242 1029743  923746  908531 1068292]
1755,[ 951590  859075  885290 1082185 1029743]
1756,[1126899 1082185  923746  995785 1055646]
1758,[1126899 1082185  849843 1058997 1132771]
1759,[1058997 1082185 1126899  940947  883404]
1760,[ 983584  860975 1029743 1038985  923746]
1761,[1133018 1082185  849843 1038217  883404]
1762,[1029743  976199 1082185  908531  983584]
1763,[1106523 1037840 1075368 1037863  860776]
1764,[1082185 1126899  962568  878996  903325]
1765,[1029743 1070820 1082185  862349 1053690]
1766,[ 934676 1037894 1040807 1026118  883003]
1767,[ 883404  994928 1106523  849843 1033615]
1768,[1096343  994928  902167 1105623  899624]
1769,[ 981760 1082185  995242 1029743  872137]
1770,[ 995242 1082185  989101 1029743  994928]
1773,[5569471 1011300 1056509  916122 1070820]
1774,[1106523  883003 1029743 1101173  995242]
1775,[1126899 1082185 1037332 1058997  908531]
1776,[1082185 1104343 1026118 5569230  994928]
1778,[ 1082185   981760   961554   938566 12810393]
1779,[1070820  862349  995785 1082185 1023958]
1780,[1106523  981760 1082185 1133018 1065593]
1781,[1082185 1028816  961554  840361 1106523]
1783,[1082185 1029743  979707 1058997 1055646]
1784,[1082185 1126899  962568  961554  849843]
1785,[1082185 1126899 1058997 1055504  976199]
1787,[ 849843 1029743 1044078 1033615 1002558]
1788,[ 909714 1082185 1003600 1029743  979707]
1789,[1055646 1044078  934676 1098066  994928]
1790,[1082185  951590 5569471 1056651  883932]
1791,[ 995242 5569230  916122 1082185 1003600]
1792,[1075368 5569230 1106523 1133018  999714]
1793,[1029743 1082185 1106523  981760  965766]
1794,[1029743 1106523  866211 1082185 1053690]
1795,[ 862349  986912 1070820 1085604  906262]
1796,[1029743 1037840 1106523  965766 1082185]
1797,[1082185  860776  981760  862349  995785]
1798,[1082185  995785  916122 1029743  845208]
1800,[1082185  908531 1058997  862349 1070820]
1801,[1037894 1085604 1013928 1040371 5569230]
1802,[ 885290 1082185  854852 1101173  916122]
1803,[1082185 1055646 1029743 1133018 1074333]
1804,[1082185  995242 1029743 1037863  937626]
1805,[1075368 1110572  859010  921744 1056651]
1806,[1029743 1126899 6602697 1076875  865456]
1807,[ 987562 1058997 1055646 1044078  840361]
1808,[1037840 5569230 1029743 1053690  986912]
1809,[1082185  995242  901062  961554 1029743]
1810,[ 994928 1029743  995242  995785 1123792]
1811,[1106523  923746 1135258 1133018 1044078]
1812,[1070015 1082185 1003188  981760  849843]
1814,[ 995785  849843 1029743  976199 1082185]
1815,[1029743 1082185  995785  995242 6034857]
1816,[ 908531 1029743 1092026 1070820  859075]
1817,[1082185 1005274  993466  849843  995242]
1818,[1106523 1133018  883404 1044078 1096036]
1821,[1082185 1106523  933835  849843 5568378]
1822,[1082185  849843 1133018 1029743  923746]
1823,[1082185 1070820  860776  961554  862349]
1824,[1106523  908531  962229 5569471 5569230]
1826,[1029743  995242 1133018 1106523  883404]
1829,[1082185  995242 1022254 1029743  986912]
1831,[1082185 1058997  995785  909268 9245106]
1832,[1082185 1058997  981760  885290 1101010]
1833,[ 908531 1133018 1106523  962229  844179]
1835,[1082185 7025106  995242 1074524  840361]
1836,[1082185 1058997 1126899  916122  961554]
1837,[1082185  979707  854852  995242  821083]
1838,[1106523  995242  914190  849843 1133018]
1839,[1106523 1133018 1029743  883404 1101173]
1841,[1082185  999858  872137 1029743 1055646]
1843,[1029743  908531 5569230 1082185  862349]
1844,[ 995242  916122  903325  979707 1026118]
1845,[1082185 1126899  979707  824005  878996]
1846,[ 908531 1082185  833025 1029743 5569471]
1847,[1070820  951590 5569230  862349  981760]
1848,[1082185  951590 1135834  986912  995242]
1849,[ 995242 1082185 1029743 1074524 1133018]
1850,[1082185  862349  903325 1116821  962568]
1853,[1085604 1075368 1055646  930917  849202]
1854,[1082185 1077975  995242 1062002  909894]
1856,[ 986912 1082185  862349  879755  840361]
1857,[1085604 1029743  883404 1106301  995242]
1858,[1082185 1126899 1058997  995785  916122]
1861,[1029743  995242  883404  923746  965766]
1862,[1082185  995785 1133018 1119051  916122]
1864,[1082185  965842  903325 1051516  923746]
1865,[1082185  862349 1039156  986912 1055425]
1867,[5569471 5569230 5569845  916122 1053690]
1868,[ 844165 1106301 1133018  995242  827683]
1869,[1082185  981760  940947 1126899 1058997]
1871,[1082185  824005  854852 1026118  860776]
1872,[1082185  995785 1038217 5569471  981760]
1873,[1101010 1082185 1106523 1085604  926905]
1876,[1055646  994928 6034857  995785  840361]
1877,[1029743  995242 1133018 1082185  883404]
1879,[ 951590 1082185 1077975 1101010  933835]
1880,[1106523 1133018 1081177 1082185 1068719]
1881,[1082185  995242  981760  901062  987562]
1882,[1070820  849843 1029743  994928  862349]
1883,[8090521 5569230  908531  883404  850841]
1884,[ 856252 1082185 1065593 1073150 1055646]
1885,[1058997  909714 1043301 1070015 1055646]
1886,[ 844165  883404  879755 1082185 1106523]
1887,[ 908531 1126899 1082185 1058997  849843]
1889,[1082185 1029743  995242 1037840  826249]
1890,[1082185 1126899 1119051  961554  840361]
1891,[1082185  908531  995242 1106523 1073150]
1892,[ 883404  899624 1033615  844165 1133018]
1895,[1044078  908531  962229 5569471  911812]
1896,[1075368 1029743 1037840 1082185  995242]
1898,[ 862349  995242 1055646 1057260 1003188]
1899,[ 951590 1029743 1122358 1082185 1040807]
1900,[1082185 1132771 1070820  971922 1037332]
1901,[1044078  923746 1013928  995242  951590]
1903,[1106523  868764  999971  883404  893501]
1904,[ 995242  994928 1058997 1043301  883404]
1906,[ 995242  849843 1023958  981760 1029743]
1907,[1057260 1133018  923746 1082185  976199]
1909,[1082185 1081189  883404  916122  979707]
1911,[1070820 1058997 1055646  849843  995242]
1912,[1029743  883404 1082185 5585510  849843]
1914,[ 995242  913785 1029743  862349 1055646]
1916,[1133018  885290  981760 1069621 1106523]
1917,[ 1082185   995242  1133018 12263788  1106523]
1918,[1082185 1126899 1029743  995242  908531]
1919,[1106523 1065593  845193 1133018 1026118]
1920,[1082185  862349  995785  903325 1119051]
1922,[1082185 1058997 1126899 1132771  849843]
1923,[1082185  903325 1058997  901062  961554]
1924,[ 908531 1029743  995242  983584  935284]
1925,[1082185 1106523 1029743 1028816 1024306]
1926,[ 923746  914190 1068719  840361  976199]
1927,[1106523  951590  923746 1044078 1025611]
1928,[ 908531 1070820  862349  983584 1085604]
1929,[ 1082185   951590  1128016   933835 12810393]
1930,[1082185  995242 5569230 5568729 1029743]
1931,[ 849843 1082185  923746 1106523 1133018]
1932,[5569230 1082185  951590 1029743  995242]
1935,[1126899  999104 1082185  962568 1055646]
1936,[1029743  914190  971922 1085604  844179]
1937,[1070820 1082185  999104 1028816  862349]
1939,[ 926905  833025  883404  896085 1029743]
1940,[1082185  995785  860776 1028816  969866]
1941,[1133018 1106523  883404 1044078 1050851]
1942,[5569230 1106523 1110572 5585510 1082185]
1943,[1033615  947798 8205218  985893  883404]
1944,[ 1082185  1070820  1056651  1029743 10344585]
1945,[1029743  981760  995242  883404 1070820]
1946,[ 1070820   862349  1082185   923746 10344585]
1947,[1082185 1126899  845307  951590  933835]
1948,[1058997  916993 1123792  824005 1126899]
1949,[1044078 1033615  951590 1082185 1133018]
1950,[ 847789  962229 1106523 1070015 1029743]
1951,[1082185 1055646  916122  987724  994928]
1952,[1029743  834117  995242  849843  914190]
1953,[ 849843  993638  860776  845208 1050851]
1954,[1082185  995785  934639 1028816  899624]
1955,[ 951590  981760 1039156 1133018 1096317]
1956,[1070820 5569471 1126899  951590 5569374]
1957,[ 1082185  1029743  8177622 10121965   962229]
1958,[ 903325  824005  979707  857503 1096343]
1959,[1082185  995242  923746 1029743 5569471]
1960,[ 862349 1082185  908531  923746 1070820]
1961,[1106523  849843  883404 1096036  995242]
1962,[1082185  995242  976199  962568  911812]
1963,[5569471  979707  854405  859075  857503]
1964,[1055646 1082185 1037863  862732 1002771]
1965,[1082185  908531 5569471 5569230  883404]
1966,[1082185  862349 1070820  944836 1104343]
1967,[ 995242  849843  860776 1029743 1082185]
1968,[1122358 1082185 1029743  995242  849843]
1969,[ 873964 1029743  995242  947798  916122]
1970,[1106523  883404 1029743  999971 1044078]
1971,[1029743 1126899 1082185 1058997 1070820]
1975,[ 883003 1082185  909714  976199  840361]
1976,[1133018 1106523  999971 1053690 1065593]
1978,[1082185 1029743 1126899 5569471 1058997]
1979,[1106523 1082185  845208 1133018 1029743]
1981,[1126899 1122358 1038985  860776 1082212]
1982,[1082185  961554  995785 1058997  824005]
1983,[1055646 5569471 1029743  885290  828867]
1985,[1082185 5569230 1106523  859075  961554]
1987,[1055646  994928 6034857  995785  840361]
1988,[1106523  923746 6034857  908531  849843]
1989,[870515 995242 970202 835098 995785]
1990,[ 1126899  1029743  1082185  1058997 12263788]
1991,[ 995242 5569230 1070015  989101  883404]
1992,[ 923746 1039156 1057260  916122 1043301]
1993,[1133018  844165  883404  951590  962229]
1994,[ 849843  981760 1126899 1070820 5568378]
1995,[1082185  923746  995242  916122 1029743]
1996,[1126899 1029743  981760 1058997 1070820]
1997,[1058997  916122 1126899  979707  995785]
1998,[1133018  827683 1106523 1053690 5592931]
1999,[1082185  995242 1068719  849843  860776]
2000,[ 995242 1085604  916122 1092026 1082185]
2001,[1138443  883003 1126899 1082185  951590]
2003,[10344585  1058997  1082212  5569471   857503]
2004,[ 999104  890695 1055425  995242  850841]
2005,[ 849843 1133018  951590 1043590  923746]
2006,[1082185  840361  995785 5569471  995242]
2007,[1082185 1106523  981760  961554  995785]
2008,[1126899 1082185  981760 1096036  951590]
2010,[1133018  965766 1043590 1082185  883404]
2011,[ 893501  909268 5569471 1006184 1039156]
2012,[1106523 1133018  947798 1053690  859075]
2014,[ 995785 1133018 1106523  981760 1029743]
2015,[1082185  940947 1029743  981760  883404]
2016,[1106523 1127624  883404 1065593 1043590]
2017,[1082185 1098248  900802 1126899 1070820]
2018,[1082185 1028816 1106523  923746  866211]
2019,[1029743  995242  883404  833025  999971]
2020,[1082185  895540 1029743 6602697  971949]
2021,[ 951590  995785  909894 1044078  981760]
2022,[1082185 1029743  859075  854852  995242]
2023,[10344585  8090509  5569374  1037894   819927]
2025,[1029743  940947 1106523 1055646 1126899]
2026,[  923746   981760 12810393  1096036   916122]
2027,[1029743  994928 1044078  923746 1037863]
2028,[8090509 5568378 5569230  944139 8090537]
2029,[1082185  962229  860776 1029743 1133018]
2030,[1082185 1029743  962568  995785  995242]
2031,[ 849843 1044078 1133018  883404  981760]
2032,[ 883404  995242 5569230 1082185  862349]
2033,[1082185  995242  979707 1029743 1039156]
2034,[1126899  995785 1082185 1058997  903325]
2036,[1082185 1126899 1106523 1024306  878996]
2037,[1070820  849843  994928 1029743  900802]
2038,[ 849843 1029743  916381 1082185 1098066]
2039,[1029743  883404 1106523  995242  923746]
2040,[1029743 1106523 1085604  883404  879755]
2041,[1074333 1082185  940947  923746  863447]
2042,[1126899  923746 1038217 1136257  995785]
2043,[ 849843  951590 1106301  908531 1133018]
2046,[1029743 1070820 5569230 1082185  995242]
2047,[1082185  883404 1133018 1029743 1106523]
2048,[1106523 1075368  981760 1133018 9835509]
2049,[1082185 1029743  976199  981760  995242]
2050,[1082185  923746 1101010  899624  947798]
2055,[ 819765 1133018 5568378  959985 1104343]
2056,[1133018  962229 1029743 1106523  908531]
2057,[1070820 1082185  923746  908531  849843]
2058,[1082185  979707  961554  860776  903325]
2059,[1126899  833025  849843 5569230 1058997]
2060,[5569230  986912 1029743  849843  908531]
2062,[1058997  899624  883404 1029743  859075]
2063,[1082185 1022254  862349  923746  979707]
2064,[1056651 1057260  995242 1029743 1110572]
2065,[1029743 8090509 8090521 1092026  965766]
2068,[1082185  862349 1070820  995785 1055646]
2070,[1085604 1082185  995242  914190  908531]
2071,[ 999971 1037863 1029743 1133018  959409]
2072,[ 862349 1082185 1070820  849843  824005]
2075,[1029743  883404  826249  899624 1092026]
2076,[1082185 1058997  981760 1106523  824005]
2077,[1106523 1082185 1133018  903325  845208]
2079,[1106523 1026118 1028816  923746  995785]
2080,[1133018  951590  826249  962229  859075]
2081,[1106523  883404 1044078 1082185  893018]
2082,[1055646  995242  916122  899624 1029743]
2083,[1082185  862349 1070820 1132771 1058997]
2084,[ 860776 6034857  995242 1110142 1058997]
2085,[ 962229 1029743 1101010  844165 1070820]
2086,[1107553  860776  868764 1082185 5585510]
2087,[1029743  995242 1082185  923746 1137688]
2088,[1029743 1082185  893501  981760  914190]
2089,[1126899  847789 1056651 1055646  994928]
2090,[1081189  995242  994928 1002558  883404]
2091,[1082185 1138443  933835  840361  923746]
2094,[1082185  923746  862349  916993 1070820]
2095,[ 951590 1068719 1133018 1106523  844165]
2099,[1029743 1082185  995242  962229 1098066]
2100,[1133018 1106523 1082185 1037863  860776]
2101,[ 849843 1029743  995242  883404  983584]
2102,[1055646 1082185  940947  995242  962229]
2103,[1029743 1082185 1057260 1055646 1077555]
2105,[1106523 1133018  995785 1082185  923746]
2108,[1082185  923746 1133018 1029743 1062966]
2109,[1033615  981760 1096036 1068719  937292]
2110,[1082185 6034857 1106523 1029743  903325]
2111,[1058997 1082185  908531 1126899  916122]
2112,[1082185 1055646 1029743 1058997 5585510]
2114,[ 885290 1112238  901062  986912 1126899]
2115,[1070820 1082185 1029743  826249  981760]
2116,[1082185 1029743 1070820  995242 1039156]
2119,[1029743 1082185  883404 1056509  981760]
2120,[1055646  994928 6034857  995785  840361]
2121,[1057260 1082185  995785  995242  821083]
2122,[1055646  994928 6034857  995785  840361]
2123,[ 883404  995242 5569230 1029743  826249]
2124,[1082185 1029743  895540 6602697  840361]
2125,[1082185  883003 1029743  976199  995242]
2126,[1082185 1028816 1104343 1055646  868764]
2129,[1029743  995785 5569471  930917 1045220]
2130,[1082185  899624  872137 1055646 1068719]
2131,[ 987562  986912 1082185  981760  965766]
2132,[1082185  995242  990797  849843  901062]
2133,[1082185 1126899 1058997  860776  979707]
2134,[1082185  999858  863447 1038985  844179]
2135,[ 995242 1040807  934639  883404  986912]
2136,[1082185  981760  901062  951412 1024306]
2137,[883404 995785 849843 995242 909894]
2138,[1053690  893501  883404  908531  995242]
2139,[1082185  995242  940947  981760 1029743]
2141,[1070820  951590 1082185  933835  971922]
2142,[1029743 1082185 1038217  883404  913210]
2145,[1082185  914190  849843  979707  903325]
2146,[1106523 1053690 1029743  908531  914190]
2147,[1082185 1106523 1133018 1028816 1005274]
2148,[ 951590 1082185 1101010 1133018  981760]
2149,[1106523 1082185 1133018  923746  937626]
2151,[1082185  849843  995242  986912 1029743]
2153,[1029743  995242 1082185 1133018 1055646]
2154,[1106523 1082185 1133018  883404  923746]
2155,[ 995242  981760  979707  923746 1077555]
2156,[1082185 1029743 1122358  995242  908531]
2158,[  862349   860776  1082185   833025 10285144]
2159,[ 923746  849843 1133018 5592931 1106523]
2160,[1070702 1082185 1029743 1055646  874972]
2161,[1126899  951590  944836 5569230 1053690]
2162,[1082185  995242 1029743  981760  896085]
2163,[ 908531  862349 5569471  826249 1055646]
2167,[1106523  883404  844165 1133018 1098066]
2168,[1082185  995242 8090521  981760  916381]
2169,[1082185 1126899  849843 1011300 1133018]
2170,[1013928 8090537 5569230 1133018 1092026]
2171,[951590 883932 826249 885290 908531]
2172,[1029743 1057260 1082185  962568  903325]
2173,[ 895540 1029743  951590  868764  908531]
2174,[ 860975 1058997 1075368 1106523  961979]
2175,[ 823990 1082185 1055646  994928 6034857]
2176,[5568378 1133018  883404  844165  873964]
2179,[1106523 1081189  860776  995242  995785]
2181,[1082185  914190 1070820  995785  933835]
2182,[1082185 1029743 1106523 1055646 1092026]
2183,[1082185 1029743  916993  995242  908531]
2184,[1070015 1073150 1085604 1106523 1029743]
2185,[909714 961554 878996 835098 979707]
2186,[1106523  951590 1075368 1133018 1098066]
2188,[1082185 1106523 1133018  819978 1101010]
2189,[1082185 5569230  913210  983584 1062002]
2190,[ 914190  908531  976199 1104343 1133018]
2193,[1082185 1070820  909268  979707 1055504]
2194,[1082185  995242  981760 1081177 1039156]
2195,[1126899 1058997 1082185 1036501  901062]
2196,[1082185  995242  849843  981760 1029743]
2197,[5569230  951590 1082185 5569471 1040807]
2198,[ 995242 1082185  981760 1065593  883404]
2199,[1082185 1070820  862349 1058997  901062]
2200,[1082185  995785  916122  923746  919534]
2202,[ 859075  916122  951412  835098 1055646]
2203,[1082185 1070820  951590  981760 1053690]
2204,[1044078 1039156  981760  833025  826249]
2205,[1082185  908531  849843  995242 1029743]
2206,[1029743  951590  995242  868764 1048462]
2207,[ 986912  995242  916122 1065593  906262]
2208,[1106523 5569230  951590 1133018  981760]
2209,[1082185 1029743  981760  995242 1076875]
2211,[1082185  862349 1126899 1070820 1058997]
2212,[ 937791 1055646  994928 6034857  995785]
2213,[ 995785 1082185  962568 1053690  987562]
2214,[1082185  868764 1029743  844165 1055646]
2215,[1075368 1133018 1092026 1106523  923746]
2217,[ 923746 1082185 1029743 1052912  840361]
2221,[1058997 1082185 1126899 1050851  862349]
2222,[5569230  951590 1075368 1082185 1136257]
2223,[1085604  995242 1029743 1037894 1058997]
2224,[1070820  862349 1082185  909894  995242]
2225,[1070820  862349 1082185 1126899 1058997]
2226,[1082185  986912  908531 6034857 1085604]
2228,[ 868764 1029743  923746  899624 1106523]
2229,[ 862349 1082185 1070820 1058997 1057260]
2231,[1082185  961554  993466  981760  944836]
2233,[1082185 1058997 1003600  970030  979707]
2234,[1082185  914190 1104343 8065410 1022254]
2235,[1082185 1055646 1133018  981760  951590]
2237,[1082185 1058997  908531  916122  995785]
2238,[ 849843 1029743 1082185  883404 1133018]
2239,[ 1029743   995242   999971 10285144   908531]
2240,[1106523 1029743 5568378 5569230 5569845]
2241,[1029743  995242 1122358  849843  908531]
2243,[899624 981760 897125 971922 849843]
2244,[1029743  883404  995242 1082185 5568378]
2245,[1082185 1114597  995785 1053690  849843]
2247,[1106523  872137 1042544 1133018  883404]
2248,[ 951590  883404 1077555  981760 1133018]
2250,[5569471  908531 1082185  923746  849843]
2252,[ 923746 1029743  859075 1092026  883404]
2253,[1029743  883404 1133018  908531 1065593]
2256,[1082185 1055646  840361  914190 1051211]
2257,[1106523  925862 9420312 1082185 1133018]
2258,[1126899 1082185  885290 1082212  866211]
2259,[1033615 1055646  994928 6034857  995785]
2260,[1029743  951197  995876  993638  951590]
2261,[1037840 1106523  983584 1082185  899624]
2262,[1082185  849843 1122358  893018  862349]
2263,[1082185  994928  976199  995242  849843]
2264,[1082185 1126899  916122 1058997  979707]
2266,[1082185  862349 1119051 1028816  900802]
2267,[1126899  849843  913210  860975 1105623]
2269,[ 951590 1082185 1055646  844179 1041796]
2270,[ 995242 1082185 1033615  985119  844165]
2271,[ 995242 1082185  951590  908531  981760]
2272,[1082185 1037863  923746  914190 1029743]
2273,[ 895540 1082185  880427 1029743  923746]
2274,[1082185 1013928 8205218  923746  962568]
2275,[ 883404  995242 1029743  916122 1044078]
2276,[1082185 1029743  995242  849843  908531]
2277,[ 995242 1053690 1029743  908531  844165]
2278,[1082185 1070820  862349 1058997  901062]
2279,[ 844165  883404 1133018  849843  994928]
2280,[1082185 1070820 1106523 1040807  862349]
2281,[1126899 1082185  913210  970030 1058997]
2282,[1082185 1028816 1070820  903325  862349]
2283,[1082185 1070820 1106523 1126899 1055646]
2284,[1082185 1011300  979707 1070820  916122]
2285,[1058997  860776  824005  857503 5569471]
2287,[1082185 1058997 1029743 1082212  923746]
2288,[ 1082185   986912  1070820   883404 10285144]
2289,[1029743  995242  883404 1137775 1082185]
2290,[1085604 1029743 1037840  883404 5568378]
2291,[ 986912 1138189  934676 1065593 1055646]
2292,[ 995242  883404 1039156 1029743  865456]
2293,[1082185 1126899  995785 6034857 1070820]
2294,[1029743 1082185  865330  995242  923746]
2295,[ 899624  923746  995785 1106523  860776]
2296,[1070015 1029743  981760  883404  900802]
2297,[1082185 1106523 1051516  835098  994928]
2298,[ 995242 1029743 1106523  923746  849843]
2299,[1082185  995785  961554  916122 1114597]
2300,[ 1029743  1082185   995242 10344585  1055646]
2301,[1029743 5569230  995242 1043590 1098066]
2302,[ 995242 1029743  908531  883404  962568]
2303,[1082185 5569230 1029743  923746 1138443]
2305,[1082185 1029743  999104  983584  995242]
2307,[1082185  883003  986912 1112238 1138443]
2308,[1082185 1029743  994928  880427  995242]
2310,[ 844165 1077975  989101 1043590 1081189]
2312,[1082185 1070820  862349  874149 1037332]
2314,[1082185 1126899  962568  995785  840361]
2315,[ 981760 1055646  819765  916122  994928]
2317,[1082185  903325  933835  995785  944836]
2319,[1065593 1029743 5569230  908531 1082185]
2322,[1082185  916122  868764 1127831 1026118]
2323,[ 909714 1076875 1055646  994928  995242]
2324,[1082185  995242 1029743  825541 1057260]
2325,[1055646  994928 6034857  995785  840361]
2328,[1082185  981760 1106523  916122  908318]
2330,[1082185 1029743  840361 1126899  961554]
2331,[1029743 1082185  856252  859075 1136257]
2333,[ 862349  908531 1029743  860975 1055646]
2334,[1029743  951590 1036501 5568378 1106301]
2335,[ 995242 1057260  899624 1077555 1106523]
2336,[ 1053690 10285144  5569230   859010  1029743]
2337,[1082185  951590 1044078 1133018 1117514]
2338,[1082185 1106523  987562  981760  890695]
2339,[1106523 1085604 1082185  986912  883404]
2340,[1133018 1106523  883404  859075  994928]
2341,[1065593  859075  883404 1082185 1071939]
2342,[ 995242 1029743 5569230  965766  916122]
2343,[ 908531  883404 1029743  883003  916122]
2344,[1106523  883404 1055646  981760 1133018]
2345,[1106523 1029743  981760  962229  844179]
2347,[1029743  995242 8090521 1082185  914190]
2349,[ 862349 1029743 1070820 1082185 1058997]
2350,[ 995242  883404 1101010  951590 1029743]
2351,[860776 962568 995785 987562 845208]
2352,[1133018 1082185  995242  847982  979707]
2354,[1082185  913210  944836 1112238  916122]
2359,[1106523 1133018  844165  883404 1037894]
2360,[1082185 1029743  995242  824005  916122]
2361,[1126899  902172  823704  883932  822407]
2363,[1082185  995785 6602697 1070820  995242]
2364,[1055646  994928  995785 6034857  840361]
2366,[ 995242 1044078 1004906  913210 1020682]
2368,[1029743 1092026  940947  995242 1096036]
2369,[ 951590 1082185  995242 1029743  940947]
2370,[ 981760  862349 1070820  914190  987562]
2372,[1082185 1038985 1029743  981760 1037840]
2373,[1055646 1133018  994928 6034857  995785]
2374,[1070820 1082185  862349  908531  923746]
2375,[ 923746 1055646 1082185  845208 1133018]
2376,[1082185 1029743  995785  840361  844179]
2377,[ 883404 1096036 1055646  849843 1037863]
2378,[1082185 1029743  995242  962568  961554]
2379,[1058997 1126899  916122  903325 1137688]
2380,[1029743  995242 1082185 1122358  923746]
2381,[ 849843 1065593  890695 1133018 1044078]
2385,[1082185 1133018 1106523  962229 1029743]
2386,[1029743  883404 1050851 5568378 1037840]
2387,[ 940947 1126899  911812 1058997  995785]
2388,[1106523  883404 1029743 1085604 1096036]
2389,[ 995242  923746 1029743 1082185  883404]
2392,[ 995785 1133018 1004906  965766  840361]
2393,[1082185 1057260  995242  903325  962568]
2394,[1082185  987724 1096317  840361 5569327]
2395,[ 923746 1029743 9420312 1062966 5569230]
2397,[ 883932 1082185 1106523  914190 1133018]
2399,[ 849843 1106523  993638 1085604 1043590]
2400,[ 838186 1044078 1133018 1014948 1138189]
2401,[1082185 1106523  845208  923746 1081177]
2404,[1055646  994928 6034857  995785  840361]
2405,[1029743 6602697 1082185  995242  883404]
2406,[1126899 1082185  923746 5569230  824005]
2407,[1029743  995242 1039156 1056509  923746]
2408,[1082185 1029743  962229 1000753  908318]
2410,[1106523 1037840 5569230  995785 1070820]
2412,[ 844165  923746 1106523 1092026 1053690]
2416,[1126899 1082185 1058997  981760  840361]
2418,[1029743  883404  923746  995242 1074524]
2420,[1068719  951590  999779 1106523 1004906]
2421,[1082185  903325  862349 1070820  961554]
2424,[1082185 1029743  962229  908531 1038217]
2425,[1070820 1082185 1029743  995785  995242]
2426,[ 995242 1009449 1029743  844165  883404]
2427,[1082185 1058997  856252  981760  916122]
2429,[1029743 1106523  860776  995242  899624]
2431,[ 999971 1106523  849843 1022254  903230]
2434,[1033615 1096036 1068292 1029743 1044078]
2435,[1029743  899624  995242  995785 1082185]
2437,[1082185 1070820  995965  885290  901062]
2438,[1058997  995242 1039156 1107553  892531]
2439,[1082185 1058997 1106523  923746 1126899]
2440,[1133018 1106523 1070015  981760  923746]
2441,[ 995242 1082185 1023958  908531 1029743]
2442,[5569230 1082185  849843  995242 1058997]
2445,[ 995242 1029743  883404 1110572  923746]
2446,[1082185  833025  995785  962568  961554]
2447,[1082185 1107553 1058997  944137  979707]
2448,[1106523 1082185 1133018  981760 6034857]
2449,[1082185 1029743 1058997  995242 1126899]
2450,[ 862349 1082185  860975 1011300 1096317]
2451,[1082185 1058997  903325  862349 1051516]
2452,[ 910673  844165 1106523  985119 5568378]
2453,[1082185 1053690 1070820  976199  845208]
2455,[5569471 1029743  933835  883404 1106523]
2456,[1058997  995242  862349  965766 1126899]
2457,[1133018 1106523 1082185  914190  883404]
2458,[1058997  901062  859075  970030 1041796]
2459,[1029743  995242  883404 1082185  826249]
2460,[5569230 5569471  862349 1101173  892531]
2461,[1082185 1058997 1105623  854405 6034857]
2462,[ 979707 1029743 1082185 6034857  916122]
2464,[1070820  862349  840361 1051211 7025106]
2465,[ 856252  986912  981760 1037863  923746]
2466,[1029743  859075 1068719  981760  923746]
2467,[1036501 1058997 1126899 1073150 1037332]
2470,[  995242   866211   821083   970202 12263788]
2471,[1058997  994928 1029743  970030 1062002]
2472,[1082185 1029743  995242  970030  981760]
2475,[1070820 5569471 1082185  862349  971922]
2477,[1058997 1126899 1082185  995242  916122]
2478,[1107289 1082185  965766  849843 1001148]
2479,[1082185 1106523  951590  859075  981760]
2481,[1029743 1082185  995242 8090537  883404]
2482,[1106523 1029743  999971 1038217 1044078]
2483,[ 849843 1082185  995242 1070820  862349]
2484,[1106301  923746  899624  845208  883404]
2485,[ 883404  995242 5569230  859075 1096036]
2486,[1029743 8090521  995242  883404  849843]
2488,[1070820  981760 1082185  933835  919534]
2489,[1082185  845208 1068719 1051211 1126899]
2492,[1106523 1003188  883404 1065593 1082185]
2494,[1082185  862349  840361 1070820 1004906]
2496,[ 933835  916122  899624  995785 1106523]
2497,[1070820  860776  995785  845208 1029743]
2498,[1070820 1082185 1029743 1053690 1106523]
2499,[1070820 5569327  883404  951590 5568378]
2500,[1058997 1082185  995242 1077555 1126899]
